Accident_ID,Severity
1,Highly_Fatal_And_Damaging
10,Significant_Damage_And_Fatalities
14,Significant_Damage_And_Fatalities
17,Minor_Damage_And_Injuries
21,Minor_Damage_And_Injuries
40,Minor_Damage_And_Injuries
45,Minor_Damage_And_Injuries
50,Highly_Fatal_And_Damaging
52,Highly_Fatal_And_Damaging
85,Significant_Damage_And_Fatalities
95,Minor_Damage_And_Injuries
106,Significant_Damage_And_Fatalities
111,Highly_Fatal_And_Damaging
123,Significant_Damage_And_Fatalities
129,Significant_Damage_And_Fatalities
130,Significant_Damage_And_Fatalities
132,Highly_Fatal_And_Damaging
137,Minor_Damage_And_Injuries
159,Highly_Fatal_And_Damaging
161,Minor_Damage_And_Injuries
162,Highly_Fatal_And_Damaging
166,Significant_Damage_And_Fatalities
170,Minor_Damage_And_Injuries
173,Highly_Fatal_And_Damaging
177,Highly_Fatal_And_Damaging
180,Minor_Damage_And_Injuries
182,Minor_Damage_And_Injuries
183,Highly_Fatal_And_Damaging
184,Minor_Damage_And_Injuries
188,Significant_Damage_And_Fatalities
190,Minor_Damage_And_Injuries
191,Significant_Damage_And_Fatalities
201,Minor_Damage_And_Injuries
203,Highly_Fatal_And_Damaging
206,Highly_Fatal_And_Damaging
217,Minor_Damage_And_Injuries
220,Highly_Fatal_And_Damaging
221,Significant_Damage_And_Fatalities
225,Highly_Fatal_And_Damaging
229,Significant_Damage_And_Fatalities
231,Minor_Damage_And_Injuries
232,Significant_Damage_And_Fatalities
234,Minor_Damage_And_Injuries
236,Minor_Damage_And_Injuries
237,Minor_Damage_And_Injuries
240,Highly_Fatal_And_Damaging
245,Minor_Damage_And_Injuries
250,Minor_Damage_And_Injuries
252,Highly_Fatal_And_Damaging
254,Significant_Damage_And_Fatalities
261,Minor_Damage_And_Injuries
265,Minor_Damage_And_Injuries
266,Significant_Damage_And_Fatalities
271,Highly_Fatal_And_Damaging
273,Highly_Fatal_And_Damaging
274,Minor_Damage_And_Injuries
275,Highly_Fatal_And_Damaging
280,Minor_Damage_And_Injuries
285,Significant_Damage_And_Fatalities
292,Highly_Fatal_And_Damaging
304,Minor_Damage_And_Injuries
311,Minor_Damage_And_Injuries
316,Minor_Damage_And_Injuries
317,Minor_Damage_And_Injuries
318,Significant_Damage_And_Fatalities
321,Significant_Damage_And_Fatalities
322,Highly_Fatal_And_Damaging
327,Significant_Damage_And_Fatalities
332,Significant_Damage_And_Fatalities
338,Minor_Damage_And_Injuries
356,Highly_Fatal_And_Damaging
364,Highly_Fatal_And_Damaging
372,Highly_Fatal_And_Damaging
379,Significant_Damage_And_Fatalities
380,Highly_Fatal_And_Damaging
384,Highly_Fatal_And_Damaging
388,Minor_Damage_And_Injuries
390,Significant_Damage_And_Fatalities
401,Minor_Damage_And_Injuries
408,Highly_Fatal_And_Damaging
413,Highly_Fatal_And_Damaging
416,Minor_Damage_And_Injuries
426,Highly_Fatal_And_Damaging
428,Minor_Damage_And_Injuries
432,Minor_Damage_And_Injuries
433,Highly_Fatal_And_Damaging
437,Minor_Damage_And_Injuries
440,Minor_Damage_And_Injuries
444,Highly_Fatal_And_Damaging
447,Significant_Damage_And_Fatalities
451,Minor_Damage_And_Injuries
461,Significant_Damage_And_Fatalities
469,Minor_Damage_And_Injuries
470,Minor_Damage_And_Injuries
481,Minor_Damage_And_Injuries
483,Minor_Damage_And_Injuries
490,Minor_Damage_And_Injuries
491,Significant_Damage_And_Fatalities
494,Highly_Fatal_And_Damaging
495,Significant_Damage_And_Serious_Injuries
497,Minor_Damage_And_Injuries
504,Minor_Damage_And_Injuries
509,Highly_Fatal_And_Damaging
511,Minor_Damage_And_Injuries
513,Highly_Fatal_And_Damaging
514,Minor_Damage_And_Injuries
518,Minor_Damage_And_Injuries
520,Significant_Damage_And_Fatalities
526,Significant_Damage_And_Fatalities
529,Minor_Damage_And_Injuries
530,Significant_Damage_And_Fatalities
532,Minor_Damage_And_Injuries
536,Highly_Fatal_And_Damaging
543,Minor_Damage_And_Injuries
553,Highly_Fatal_And_Damaging
559,Significant_Damage_And_Fatalities
561,Minor_Damage_And_Injuries
563,Highly_Fatal_And_Damaging
566,Highly_Fatal_And_Damaging
593,Minor_Damage_And_Injuries
595,Significant_Damage_And_Fatalities
597,Highly_Fatal_And_Damaging
602,Significant_Damage_And_Serious_Injuries
604,Highly_Fatal_And_Damaging
615,Highly_Fatal_And_Damaging
617,Highly_Fatal_And_Damaging
618,Minor_Damage_And_Injuries
622,Minor_Damage_And_Injuries
626,Significant_Damage_And_Fatalities
633,Minor_Damage_And_Injuries
636,Highly_Fatal_And_Damaging
642,Significant_Damage_And_Fatalities
648,Significant_Damage_And_Fatalities
651,Highly_Fatal_And_Damaging
653,Highly_Fatal_And_Damaging
658,Significant_Damage_And_Fatalities
659,Minor_Damage_And_Injuries
660,Significant_Damage_And_Fatalities
662,Significant_Damage_And_Fatalities
665,Significant_Damage_And_Fatalities
674,Minor_Damage_And_Injuries
676,Minor_Damage_And_Injuries
682,Minor_Damage_And_Injuries
686,Minor_Damage_And_Injuries
687,Highly_Fatal_And_Damaging
692,Minor_Damage_And_Injuries
699,Significant_Damage_And_Fatalities
703,Significant_Damage_And_Fatalities
706,Minor_Damage_And_Injuries
708,Minor_Damage_And_Injuries
714,Minor_Damage_And_Injuries
719,Minor_Damage_And_Injuries
721,Minor_Damage_And_Injuries
725,Significant_Damage_And_Fatalities
728,Significant_Damage_And_Fatalities
733,Significant_Damage_And_Fatalities
735,Highly_Fatal_And_Damaging
736,Significant_Damage_And_Fatalities
745,Significant_Damage_And_Fatalities
762,Minor_Damage_And_Injuries
768,Minor_Damage_And_Injuries
773,Highly_Fatal_And_Damaging
777,Minor_Damage_And_Injuries
781,Minor_Damage_And_Injuries
782,Minor_Damage_And_Injuries
797,Minor_Damage_And_Injuries
801,Significant_Damage_And_Fatalities
815,Highly_Fatal_And_Damaging
818,Highly_Fatal_And_Damaging
824,Highly_Fatal_And_Damaging
832,Significant_Damage_And_Fatalities
834,Minor_Damage_And_Injuries
842,Significant_Damage_And_Fatalities
850,Significant_Damage_And_Fatalities
855,Highly_Fatal_And_Damaging
860,Highly_Fatal_And_Damaging
865,Highly_Fatal_And_Damaging
867,Minor_Damage_And_Injuries
868,Minor_Damage_And_Injuries
873,Highly_Fatal_And_Damaging
876,Highly_Fatal_And_Damaging
882,Minor_Damage_And_Injuries
886,Highly_Fatal_And_Damaging
887,Significant_Damage_And_Fatalities
888,Minor_Damage_And_Injuries
889,Highly_Fatal_And_Damaging
898,Minor_Damage_And_Injuries
902,Highly_Fatal_And_Damaging
908,Highly_Fatal_And_Damaging
909,Significant_Damage_And_Fatalities
914,Significant_Damage_And_Fatalities
927,Significant_Damage_And_Fatalities
940,Minor_Damage_And_Injuries
944,Minor_Damage_And_Injuries
950,Highly_Fatal_And_Damaging
951,Significant_Damage_And_Fatalities
953,Minor_Damage_And_Injuries
956,Highly_Fatal_And_Damaging
967,Highly_Fatal_And_Damaging
977,Minor_Damage_And_Injuries
978,Highly_Fatal_And_Damaging
979,Significant_Damage_And_Fatalities
982,Minor_Damage_And_Injuries
989,Minor_Damage_And_Injuries
990,Minor_Damage_And_Injuries
999,Highly_Fatal_And_Damaging
1005,Minor_Damage_And_Injuries
1011,Significant_Damage_And_Fatalities
1013,Minor_Damage_And_Injuries
1015,Highly_Fatal_And_Damaging
1018,Significant_Damage_And_Fatalities
1021,Highly_Fatal_And_Damaging
1022,Minor_Damage_And_Injuries
1024,Highly_Fatal_And_Damaging
1025,Minor_Damage_And_Injuries
1031,Highly_Fatal_And_Damaging
1036,Significant_Damage_And_Fatalities
1048,Significant_Damage_And_Fatalities
1050,Highly_Fatal_And_Damaging
1055,Minor_Damage_And_Injuries
1057,Highly_Fatal_And_Damaging
1072,Minor_Damage_And_Injuries
1075,Minor_Damage_And_Injuries
1082,Highly_Fatal_And_Damaging
1102,Significant_Damage_And_Serious_Injuries
1103,Significant_Damage_And_Fatalities
1109,Minor_Damage_And_Injuries
1114,Minor_Damage_And_Injuries
1116,Significant_Damage_And_Fatalities
1123,Highly_Fatal_And_Damaging
1127,Minor_Damage_And_Injuries
1135,Highly_Fatal_And_Damaging
1143,Highly_Fatal_And_Damaging
1144,Significant_Damage_And_Fatalities
1147,Highly_Fatal_And_Damaging
1149,Minor_Damage_And_Injuries
1155,Highly_Fatal_And_Damaging
1158,Significant_Damage_And_Fatalities
1160,Highly_Fatal_And_Damaging
1164,Minor_Damage_And_Injuries
1170,Highly_Fatal_And_Damaging
1175,Highly_Fatal_And_Damaging
1179,Highly_Fatal_And_Damaging
1186,Significant_Damage_And_Serious_Injuries
1193,Highly_Fatal_And_Damaging
1197,Significant_Damage_And_Fatalities
1198,Significant_Damage_And_Fatalities
1207,Minor_Damage_And_Injuries
1213,Highly_Fatal_And_Damaging
1217,Highly_Fatal_And_Damaging
1226,Minor_Damage_And_Injuries
1227,Significant_Damage_And_Fatalities
1234,Minor_Damage_And_Injuries
1238,Minor_Damage_And_Injuries
1240,Significant_Damage_And_Fatalities
1242,Significant_Damage_And_Fatalities
1250,Highly_Fatal_And_Damaging
1251,Highly_Fatal_And_Damaging
1256,Significant_Damage_And_Fatalities
1258,Highly_Fatal_And_Damaging
1269,Highly_Fatal_And_Damaging
1270,Minor_Damage_And_Injuries
1271,Significant_Damage_And_Fatalities
1272,Minor_Damage_And_Injuries
1279,Minor_Damage_And_Injuries
1282,Significant_Damage_And_Fatalities
1284,Highly_Fatal_And_Damaging
1285,Minor_Damage_And_Injuries
1286,Highly_Fatal_And_Damaging
1294,Minor_Damage_And_Injuries
1305,Significant_Damage_And_Fatalities
1310,Minor_Damage_And_Injuries
1312,Minor_Damage_And_Injuries
1325,Significant_Damage_And_Fatalities
1333,Minor_Damage_And_Injuries
1343,Highly_Fatal_And_Damaging
1347,Minor_Damage_And_Injuries
1348,Highly_Fatal_And_Damaging
1350,Minor_Damage_And_Injuries
1355,Minor_Damage_And_Injuries
1357,Highly_Fatal_And_Damaging
1371,Minor_Damage_And_Injuries
1378,Minor_Damage_And_Injuries
1393,Minor_Damage_And_Injuries
1398,Minor_Damage_And_Injuries
1405,Minor_Damage_And_Injuries
1406,Minor_Damage_And_Injuries
1407,Minor_Damage_And_Injuries
1421,Minor_Damage_And_Injuries
1431,Highly_Fatal_And_Damaging
1432,Minor_Damage_And_Injuries
1437,Minor_Damage_And_Injuries
1439,Highly_Fatal_And_Damaging
1440,Minor_Damage_And_Injuries
1441,Highly_Fatal_And_Damaging
1442,Significant_Damage_And_Fatalities
1448,Minor_Damage_And_Injuries
1450,Highly_Fatal_And_Damaging
1453,Minor_Damage_And_Injuries
1454,Highly_Fatal_And_Damaging
1460,Significant_Damage_And_Fatalities
1461,Highly_Fatal_And_Damaging
1473,Significant_Damage_And_Fatalities
1481,Minor_Damage_And_Injuries
1488,Minor_Damage_And_Injuries
1499,Minor_Damage_And_Injuries
1502,Significant_Damage_And_Fatalities
1505,Highly_Fatal_And_Damaging
1511,Significant_Damage_And_Fatalities
1516,Significant_Damage_And_Fatalities
1523,Highly_Fatal_And_Damaging
1527,Highly_Fatal_And_Damaging
1560,Highly_Fatal_And_Damaging
1566,Minor_Damage_And_Injuries
1567,Highly_Fatal_And_Damaging
1568,Highly_Fatal_And_Damaging
1569,Minor_Damage_And_Injuries
1570,Highly_Fatal_And_Damaging
1576,Minor_Damage_And_Injuries
1589,Significant_Damage_And_Fatalities
1592,Minor_Damage_And_Injuries
1598,Highly_Fatal_And_Damaging
1599,Highly_Fatal_And_Damaging
1600,Highly_Fatal_And_Damaging
1607,Highly_Fatal_And_Damaging
1608,Significant_Damage_And_Fatalities
1611,Minor_Damage_And_Injuries
1613,Minor_Damage_And_Injuries
1623,Minor_Damage_And_Injuries
1647,Minor_Damage_And_Injuries
1649,Significant_Damage_And_Fatalities
1658,Highly_Fatal_And_Damaging
1662,Highly_Fatal_And_Damaging
1668,Significant_Damage_And_Fatalities
1676,Significant_Damage_And_Fatalities
1678,Minor_Damage_And_Injuries
1682,Highly_Fatal_And_Damaging
1690,Minor_Damage_And_Injuries
1701,Minor_Damage_And_Injuries
1710,Minor_Damage_And_Injuries
1723,Minor_Damage_And_Injuries
1725,Minor_Damage_And_Injuries
1747,Highly_Fatal_And_Damaging
1748,Significant_Damage_And_Fatalities
1754,Highly_Fatal_And_Damaging
1756,Highly_Fatal_And_Damaging
1757,Minor_Damage_And_Injuries
1770,Minor_Damage_And_Injuries
1774,Significant_Damage_And_Fatalities
1776,Significant_Damage_And_Fatalities
1789,Highly_Fatal_And_Damaging
1794,Minor_Damage_And_Injuries
1804,Highly_Fatal_And_Damaging
1806,Minor_Damage_And_Injuries
1807,Minor_Damage_And_Injuries
1811,Significant_Damage_And_Serious_Injuries
1814,Highly_Fatal_And_Damaging
1826,Highly_Fatal_And_Damaging
1832,Highly_Fatal_And_Damaging
1835,Minor_Damage_And_Injuries
1839,Minor_Damage_And_Injuries
1840,Minor_Damage_And_Injuries
1848,Significant_Damage_And_Serious_Injuries
1849,Minor_Damage_And_Injuries
1850,Minor_Damage_And_Injuries
1854,Minor_Damage_And_Injuries
1861,Significant_Damage_And_Fatalities
1866,Minor_Damage_And_Injuries
1868,Significant_Damage_And_Fatalities
1872,Significant_Damage_And_Fatalities
1875,Minor_Damage_And_Injuries
1877,Minor_Damage_And_Injuries
1879,Minor_Damage_And_Injuries
1880,Minor_Damage_And_Injuries
1892,Minor_Damage_And_Injuries
1896,Highly_Fatal_And_Damaging
1898,Minor_Damage_And_Injuries
1899,Highly_Fatal_And_Damaging
1903,Significant_Damage_And_Fatalities
1909,Minor_Damage_And_Injuries
1912,Highly_Fatal_And_Damaging
1920,Significant_Damage_And_Fatalities
1933,Minor_Damage_And_Injuries
1940,Minor_Damage_And_Injuries
1941,Highly_Fatal_And_Damaging
1944,Minor_Damage_And_Injuries
1946,Significant_Damage_And_Fatalities
1950,Significant_Damage_And_Fatalities
1955,Minor_Damage_And_Injuries
1957,Highly_Fatal_And_Damaging
1958,Minor_Damage_And_Injuries
1965,Minor_Damage_And_Injuries
1971,Minor_Damage_And_Injuries
1974,Minor_Damage_And_Injuries
1980,Highly_Fatal_And_Damaging
1984,Minor_Damage_And_Injuries
1990,Minor_Damage_And_Injuries
1991,Highly_Fatal_And_Damaging
1994,Minor_Damage_And_Injuries
1997,Significant_Damage_And_Fatalities
2006,Highly_Fatal_And_Damaging
2008,Highly_Fatal_And_Damaging
2013,Minor_Damage_And_Injuries
2015,Significant_Damage_And_Fatalities
2016,Minor_Damage_And_Injuries
2021,Significant_Damage_And_Fatalities
2023,Minor_Damage_And_Injuries
2038,Minor_Damage_And_Injuries
2040,Significant_Damage_And_Fatalities
2048,Highly_Fatal_And_Damaging
2063,Significant_Damage_And_Serious_Injuries
2073,Significant_Damage_And_Fatalities
2075,Highly_Fatal_And_Damaging
2081,Highly_Fatal_And_Damaging
2082,Highly_Fatal_And_Damaging
2086,Significant_Damage_And_Fatalities
2090,Minor_Damage_And_Injuries
2091,Highly_Fatal_And_Damaging
2094,Significant_Damage_And_Fatalities
2096,Minor_Damage_And_Injuries
2097,Highly_Fatal_And_Damaging
2101,Highly_Fatal_And_Damaging
2103,Significant_Damage_And_Fatalities
2106,Minor_Damage_And_Injuries
2107,Minor_Damage_And_Injuries
2113,Significant_Damage_And_Fatalities
2122,Minor_Damage_And_Injuries
2123,Minor_Damage_And_Injuries
2132,Minor_Damage_And_Injuries
2134,Highly_Fatal_And_Damaging
2141,Minor_Damage_And_Injuries
2145,Significant_Damage_And_Fatalities
2147,Minor_Damage_And_Injuries
2149,Significant_Damage_And_Fatalities
2155,Highly_Fatal_And_Damaging
2161,Significant_Damage_And_Fatalities
2177,Significant_Damage_And_Fatalities
2179,Significant_Damage_And_Fatalities
2182,Minor_Damage_And_Injuries
2192,Significant_Damage_And_Serious_Injuries
2195,Minor_Damage_And_Injuries
2196,Significant_Damage_And_Fatalities
2197,Highly_Fatal_And_Damaging
2199,Highly_Fatal_And_Damaging
2204,Minor_Damage_And_Injuries
2206,Minor_Damage_And_Injuries
2212,Highly_Fatal_And_Damaging
2215,Highly_Fatal_And_Damaging
2217,Minor_Damage_And_Injuries
2220,Minor_Damage_And_Injuries
2222,Minor_Damage_And_Injuries
2227,Significant_Damage_And_Fatalities
2239,Highly_Fatal_And_Damaging
2241,Significant_Damage_And_Fatalities
2246,Minor_Damage_And_Injuries
2254,Minor_Damage_And_Injuries
2255,Highly_Fatal_And_Damaging
2259,Highly_Fatal_And_Damaging
2263,Highly_Fatal_And_Damaging
2264,Significant_Damage_And_Fatalities
2269,Minor_Damage_And_Injuries
2281,Significant_Damage_And_Fatalities
2284,Minor_Damage_And_Injuries
2285,Minor_Damage_And_Injuries
2292,Minor_Damage_And_Injuries
2293,Minor_Damage_And_Injuries
2299,Highly_Fatal_And_Damaging
2301,Highly_Fatal_And_Damaging
2302,Highly_Fatal_And_Damaging
2303,Significant_Damage_And_Fatalities
2307,Significant_Damage_And_Fatalities
2315,Significant_Damage_And_Fatalities
2316,Significant_Damage_And_Fatalities
2317,Significant_Damage_And_Fatalities
2320,Highly_Fatal_And_Damaging
2322,Minor_Damage_And_Injuries
2334,Highly_Fatal_And_Damaging
2336,Minor_Damage_And_Injuries
2342,Highly_Fatal_And_Damaging
2343,Significant_Damage_And_Fatalities
2349,Significant_Damage_And_Fatalities
2354,Significant_Damage_And_Fatalities
2357,Minor_Damage_And_Injuries
2364,Minor_Damage_And_Injuries
2370,Highly_Fatal_And_Damaging
2379,Significant_Damage_And_Fatalities
2389,Significant_Damage_And_Fatalities
2400,Highly_Fatal_And_Damaging
2402,Highly_Fatal_And_Damaging
2406,Highly_Fatal_And_Damaging
2427,Minor_Damage_And_Injuries
2429,Significant_Damage_And_Serious_Injuries
2435,Highly_Fatal_And_Damaging
2438,Highly_Fatal_And_Damaging
2439,Highly_Fatal_And_Damaging
2449,Significant_Damage_And_Fatalities
2454,Highly_Fatal_And_Damaging
2455,Minor_Damage_And_Injuries
2462,Significant_Damage_And_Fatalities
2471,Significant_Damage_And_Fatalities
2472,Significant_Damage_And_Fatalities
2475,Highly_Fatal_And_Damaging
2476,Significant_Damage_And_Fatalities
2483,Significant_Damage_And_Fatalities
2485,Significant_Damage_And_Fatalities
2488,Highly_Fatal_And_Damaging
2492,Highly_Fatal_And_Damaging
2494,Highly_Fatal_And_Damaging
2504,Minor_Damage_And_Injuries
2510,Minor_Damage_And_Injuries
2516,Significant_Damage_And_Fatalities
2517,Minor_Damage_And_Injuries
2519,Highly_Fatal_And_Damaging
2527,Minor_Damage_And_Injuries
2529,Minor_Damage_And_Injuries
2540,Minor_Damage_And_Injuries
2546,Minor_Damage_And_Injuries
2553,Minor_Damage_And_Injuries
2554,Highly_Fatal_And_Damaging
2558,Minor_Damage_And_Injuries
2572,Minor_Damage_And_Injuries
2585,Highly_Fatal_And_Damaging
2587,Significant_Damage_And_Fatalities
2597,Significant_Damage_And_Fatalities
2599,Minor_Damage_And_Injuries
2600,Highly_Fatal_And_Damaging
2601,Minor_Damage_And_Injuries
2608,Highly_Fatal_And_Damaging
2613,Minor_Damage_And_Injuries
2616,Minor_Damage_And_Injuries
2619,Minor_Damage_And_Injuries
2620,Minor_Damage_And_Injuries
2621,Minor_Damage_And_Injuries
2622,Minor_Damage_And_Injuries
2623,Significant_Damage_And_Fatalities
2634,Minor_Damage_And_Injuries
2636,Highly_Fatal_And_Damaging
2640,Highly_Fatal_And_Damaging
2643,Minor_Damage_And_Injuries
2646,Highly_Fatal_And_Damaging
2651,Highly_Fatal_And_Damaging
2653,Significant_Damage_And_Fatalities
2654,Highly_Fatal_And_Damaging
2657,Minor_Damage_And_Injuries
2658,Minor_Damage_And_Injuries
2664,Highly_Fatal_And_Damaging
2667,Highly_Fatal_And_Damaging
2668,Significant_Damage_And_Fatalities
2680,Minor_Damage_And_Injuries
2682,Minor_Damage_And_Injuries
2692,Significant_Damage_And_Fatalities
2693,Highly_Fatal_And_Damaging
2695,Highly_Fatal_And_Damaging
2697,Highly_Fatal_And_Damaging
2698,Minor_Damage_And_Injuries
2703,Minor_Damage_And_Injuries
2718,Minor_Damage_And_Injuries
2728,Highly_Fatal_And_Damaging
2729,Highly_Fatal_And_Damaging
2736,Significant_Damage_And_Serious_Injuries
2737,Minor_Damage_And_Injuries
2738,Significant_Damage_And_Fatalities
2739,Highly_Fatal_And_Damaging
2746,Minor_Damage_And_Injuries
2750,Highly_Fatal_And_Damaging
2755,Significant_Damage_And_Fatalities
2764,Highly_Fatal_And_Damaging
2767,Highly_Fatal_And_Damaging
2769,Minor_Damage_And_Injuries
2772,Significant_Damage_And_Fatalities
2777,Minor_Damage_And_Injuries
2778,Minor_Damage_And_Injuries
2779,Highly_Fatal_And_Damaging
2780,Significant_Damage_And_Fatalities
2785,Significant_Damage_And_Fatalities
2793,Minor_Damage_And_Injuries
2801,Minor_Damage_And_Injuries
2814,Significant_Damage_And_Serious_Injuries
2821,Highly_Fatal_And_Damaging
2828,Highly_Fatal_And_Damaging
2834,Minor_Damage_And_Injuries
2844,Highly_Fatal_And_Damaging
2848,Minor_Damage_And_Injuries
2850,Highly_Fatal_And_Damaging
2852,Highly_Fatal_And_Damaging
2860,Highly_Fatal_And_Damaging
2861,Significant_Damage_And_Fatalities
2864,Highly_Fatal_And_Damaging
2868,Highly_Fatal_And_Damaging
2886,Highly_Fatal_And_Damaging
2887,Significant_Damage_And_Fatalities
2890,Minor_Damage_And_Injuries
2892,Significant_Damage_And_Fatalities
2907,Minor_Damage_And_Injuries
2908,Significant_Damage_And_Fatalities
2909,Minor_Damage_And_Injuries
2914,Minor_Damage_And_Injuries
2917,Minor_Damage_And_Injuries
2923,Highly_Fatal_And_Damaging
2924,Minor_Damage_And_Injuries
2934,Significant_Damage_And_Fatalities
2937,Significant_Damage_And_Fatalities
2945,Minor_Damage_And_Injuries
2948,Significant_Damage_And_Fatalities
2950,Minor_Damage_And_Injuries
2953,Significant_Damage_And_Fatalities
2955,Highly_Fatal_And_Damaging
2959,Significant_Damage_And_Fatalities
2971,Significant_Damage_And_Fatalities
2974,Significant_Damage_And_Fatalities
2987,Highly_Fatal_And_Damaging
2994,Minor_Damage_And_Injuries
2995,Highly_Fatal_And_Damaging
3003,Minor_Damage_And_Injuries
3013,Highly_Fatal_And_Damaging
3014,Significant_Damage_And_Fatalities
3015,Significant_Damage_And_Fatalities
3028,Highly_Fatal_And_Damaging
3041,Significant_Damage_And_Fatalities
3053,Highly_Fatal_And_Damaging
3057,Significant_Damage_And_Fatalities
3059,Minor_Damage_And_Injuries
3060,Highly_Fatal_And_Damaging
3069,Highly_Fatal_And_Damaging
3071,Minor_Damage_And_Injuries
3072,Highly_Fatal_And_Damaging
3082,Minor_Damage_And_Injuries
3084,Highly_Fatal_And_Damaging
3086,Minor_Damage_And_Injuries
3098,Significant_Damage_And_Fatalities
3100,Significant_Damage_And_Fatalities
3102,Minor_Damage_And_Injuries
3110,Minor_Damage_And_Injuries
3111,Highly_Fatal_And_Damaging
3118,Minor_Damage_And_Injuries
3119,Highly_Fatal_And_Damaging
3125,Minor_Damage_And_Injuries
3133,Highly_Fatal_And_Damaging
3136,Minor_Damage_And_Injuries
3141,Minor_Damage_And_Injuries
3149,Minor_Damage_And_Injuries
3150,Highly_Fatal_And_Damaging
3155,Minor_Damage_And_Injuries
3156,Significant_Damage_And_Fatalities
3160,Significant_Damage_And_Fatalities
3163,Minor_Damage_And_Injuries
3175,Highly_Fatal_And_Damaging
3180,Highly_Fatal_And_Damaging
3188,Minor_Damage_And_Injuries
3192,Highly_Fatal_And_Damaging
3193,Significant_Damage_And_Serious_Injuries
3197,Minor_Damage_And_Injuries
3201,Minor_Damage_And_Injuries
3204,Minor_Damage_And_Injuries
3206,Highly_Fatal_And_Damaging
3210,Minor_Damage_And_Injuries
3212,Minor_Damage_And_Injuries
3216,Highly_Fatal_And_Damaging
3239,Highly_Fatal_And_Damaging
3240,Minor_Damage_And_Injuries
3246,Minor_Damage_And_Injuries
3247,Minor_Damage_And_Injuries
3252,Significant_Damage_And_Fatalities
3259,Minor_Damage_And_Injuries
3262,Significant_Damage_And_Fatalities
3264,Highly_Fatal_And_Damaging
3275,Significant_Damage_And_Fatalities
3280,Significant_Damage_And_Fatalities
3282,Highly_Fatal_And_Damaging
3289,Minor_Damage_And_Injuries
3294,Significant_Damage_And_Serious_Injuries
3297,Significant_Damage_And_Fatalities
3299,Significant_Damage_And_Fatalities
3302,Significant_Damage_And_Fatalities
3308,Minor_Damage_And_Injuries
3311,Significant_Damage_And_Serious_Injuries
3315,Minor_Damage_And_Injuries
3317,Minor_Damage_And_Injuries
3319,Minor_Damage_And_Injuries
3326,Highly_Fatal_And_Damaging
3330,Significant_Damage_And_Fatalities
3331,Minor_Damage_And_Injuries
3333,Minor_Damage_And_Injuries
3337,Minor_Damage_And_Injuries
3344,Minor_Damage_And_Injuries
3359,Minor_Damage_And_Injuries
3369,Highly_Fatal_And_Damaging
3372,Minor_Damage_And_Injuries
3373,Minor_Damage_And_Injuries
3374,Highly_Fatal_And_Damaging
3384,Significant_Damage_And_Serious_Injuries
3385,Significant_Damage_And_Fatalities
3395,Minor_Damage_And_Injuries
3399,Minor_Damage_And_Injuries
3401,Significant_Damage_And_Fatalities
3406,Significant_Damage_And_Fatalities
3410,Minor_Damage_And_Injuries
3420,Minor_Damage_And_Injuries
3422,Minor_Damage_And_Injuries
3428,Significant_Damage_And_Fatalities
3431,Highly_Fatal_And_Damaging
3434,Minor_Damage_And_Injuries
3436,Significant_Damage_And_Serious_Injuries
3440,Minor_Damage_And_Injuries
3443,Minor_Damage_And_Injuries
3451,Significant_Damage_And_Fatalities
3454,Minor_Damage_And_Injuries
3455,Significant_Damage_And_Fatalities
3456,Significant_Damage_And_Fatalities
3462,Significant_Damage_And_Serious_Injuries
3463,Highly_Fatal_And_Damaging
3464,Minor_Damage_And_Injuries
3470,Minor_Damage_And_Injuries
3477,Significant_Damage_And_Fatalities
3485,Minor_Damage_And_Injuries
3486,Minor_Damage_And_Injuries
3489,Significant_Damage_And_Fatalities
3490,Significant_Damage_And_Fatalities
3501,Highly_Fatal_And_Damaging
3503,Minor_Damage_And_Injuries
3510,Minor_Damage_And_Injuries
3517,Highly_Fatal_And_Damaging
3518,Highly_Fatal_And_Damaging
3525,Highly_Fatal_And_Damaging
3526,Minor_Damage_And_Injuries
3530,Minor_Damage_And_Injuries
3532,Minor_Damage_And_Injuries
3546,Significant_Damage_And_Fatalities
3548,Significant_Damage_And_Fatalities
3568,Significant_Damage_And_Serious_Injuries
3571,Minor_Damage_And_Injuries
3573,Minor_Damage_And_Injuries
3577,Highly_Fatal_And_Damaging
3587,Minor_Damage_And_Injuries
3596,Minor_Damage_And_Injuries
3604,Significant_Damage_And_Fatalities
3606,Significant_Damage_And_Fatalities
3613,Minor_Damage_And_Injuries
3620,Minor_Damage_And_Injuries
3632,Minor_Damage_And_Injuries
3638,Minor_Damage_And_Injuries
3640,Minor_Damage_And_Injuries
3643,Minor_Damage_And_Injuries
3644,Significant_Damage_And_Fatalities
3645,Highly_Fatal_And_Damaging
3648,Highly_Fatal_And_Damaging
3657,Highly_Fatal_And_Damaging
3665,Significant_Damage_And_Fatalities
3670,Highly_Fatal_And_Damaging
3674,Significant_Damage_And_Fatalities
3686,Highly_Fatal_And_Damaging
3687,Highly_Fatal_And_Damaging
3692,Minor_Damage_And_Injuries
3694,Significant_Damage_And_Fatalities
3698,Significant_Damage_And_Fatalities
3701,Minor_Damage_And_Injuries
3725,Highly_Fatal_And_Damaging
3728,Significant_Damage_And_Serious_Injuries
3729,Minor_Damage_And_Injuries
3733,Significant_Damage_And_Fatalities
3743,Significant_Damage_And_Fatalities
3746,Minor_Damage_And_Injuries
3747,Significant_Damage_And_Fatalities
3748,Significant_Damage_And_Fatalities
3749,Minor_Damage_And_Injuries
3752,Highly_Fatal_And_Damaging
3760,Highly_Fatal_And_Damaging
3761,Highly_Fatal_And_Damaging
3762,Highly_Fatal_And_Damaging
3765,Highly_Fatal_And_Damaging
3767,Minor_Damage_And_Injuries
3775,Minor_Damage_And_Injuries
3780,Significant_Damage_And_Fatalities
3790,Significant_Damage_And_Fatalities
3794,Highly_Fatal_And_Damaging
3795,Highly_Fatal_And_Damaging
3806,Highly_Fatal_And_Damaging
3807,Significant_Damage_And_Fatalities
3809,Significant_Damage_And_Fatalities
3810,Minor_Damage_And_Injuries
3811,Highly_Fatal_And_Damaging
3812,Significant_Damage_And_Fatalities
3818,Minor_Damage_And_Injuries
3820,Highly_Fatal_And_Damaging
3821,Highly_Fatal_And_Damaging
3827,Minor_Damage_And_Injuries
3835,Significant_Damage_And_Serious_Injuries
3836,Significant_Damage_And_Fatalities
3839,Significant_Damage_And_Serious_Injuries
3841,Significant_Damage_And_Fatalities
3842,Highly_Fatal_And_Damaging
3845,Minor_Damage_And_Injuries
3854,Minor_Damage_And_Injuries
3855,Significant_Damage_And_Serious_Injuries
3856,Highly_Fatal_And_Damaging
3863,Significant_Damage_And_Serious_Injuries
3865,Minor_Damage_And_Injuries
3878,Highly_Fatal_And_Damaging
3887,Minor_Damage_And_Injuries
3888,Minor_Damage_And_Injuries
3889,Highly_Fatal_And_Damaging
3892,Minor_Damage_And_Injuries
3897,Significant_Damage_And_Fatalities
3911,Significant_Damage_And_Fatalities
3912,Minor_Damage_And_Injuries
3914,Minor_Damage_And_Injuries
3928,Minor_Damage_And_Injuries
3929,Highly_Fatal_And_Damaging
3933,Minor_Damage_And_Injuries
3941,Significant_Damage_And_Fatalities
3943,Significant_Damage_And_Fatalities
3954,Minor_Damage_And_Injuries
3960,Minor_Damage_And_Injuries
3962,Highly_Fatal_And_Damaging
3965,Highly_Fatal_And_Damaging
3967,Significant_Damage_And_Fatalities
3968,Significant_Damage_And_Serious_Injuries
3980,Highly_Fatal_And_Damaging
3987,Highly_Fatal_And_Damaging
3989,Highly_Fatal_And_Damaging
3990,Highly_Fatal_And_Damaging
3997,Highly_Fatal_And_Damaging
4000,Significant_Damage_And_Fatalities
4002,Highly_Fatal_And_Damaging
4006,Highly_Fatal_And_Damaging
4007,Highly_Fatal_And_Damaging
4019,Highly_Fatal_And_Damaging
4024,Highly_Fatal_And_Damaging
4026,Highly_Fatal_And_Damaging
4027,Highly_Fatal_And_Damaging
4032,Highly_Fatal_And_Damaging
4039,Minor_Damage_And_Injuries
4040,Significant_Damage_And_Serious_Injuries
4047,Highly_Fatal_And_Damaging
4048,Highly_Fatal_And_Damaging
4049,Significant_Damage_And_Fatalities
4050,Highly_Fatal_And_Damaging
4061,Significant_Damage_And_Fatalities
4062,Minor_Damage_And_Injuries
4063,Significant_Damage_And_Fatalities
4070,Highly_Fatal_And_Damaging
4090,Minor_Damage_And_Injuries
4094,Minor_Damage_And_Injuries
4098,Highly_Fatal_And_Damaging
4099,Minor_Damage_And_Injuries
4100,Significant_Damage_And_Serious_Injuries
4108,Significant_Damage_And_Fatalities
4120,Significant_Damage_And_Fatalities
4129,Highly_Fatal_And_Damaging
4133,Highly_Fatal_And_Damaging
4134,Highly_Fatal_And_Damaging
4136,Minor_Damage_And_Injuries
4139,Highly_Fatal_And_Damaging
4148,Highly_Fatal_And_Damaging
4152,Minor_Damage_And_Injuries
4153,Minor_Damage_And_Injuries
4157,Highly_Fatal_And_Damaging
4162,Highly_Fatal_And_Damaging
4169,Minor_Damage_And_Injuries
4176,Highly_Fatal_And_Damaging
4181,Significant_Damage_And_Fatalities
4189,Minor_Damage_And_Injuries
4192,Significant_Damage_And_Fatalities
4198,Minor_Damage_And_Injuries
4207,Minor_Damage_And_Injuries
4208,Significant_Damage_And_Serious_Injuries
4211,Highly_Fatal_And_Damaging
4218,Minor_Damage_And_Injuries
4223,Highly_Fatal_And_Damaging
4232,Minor_Damage_And_Injuries
4234,Significant_Damage_And_Fatalities
4246,Highly_Fatal_And_Damaging
4253,Significant_Damage_And_Fatalities
4254,Highly_Fatal_And_Damaging
4255,Minor_Damage_And_Injuries
4260,Minor_Damage_And_Injuries
4267,Minor_Damage_And_Injuries
4274,Highly_Fatal_And_Damaging
4275,Highly_Fatal_And_Damaging
4278,Highly_Fatal_And_Damaging
4281,Highly_Fatal_And_Damaging
4293,Minor_Damage_And_Injuries
4294,Highly_Fatal_And_Damaging
4300,Significant_Damage_And_Fatalities
4307,Minor_Damage_And_Injuries
4310,Significant_Damage_And_Fatalities
4311,Significant_Damage_And_Serious_Injuries
4315,Significant_Damage_And_Fatalities
4330,Minor_Damage_And_Injuries
4333,Highly_Fatal_And_Damaging
4340,Highly_Fatal_And_Damaging
4352,Minor_Damage_And_Injuries
4360,Minor_Damage_And_Injuries
4365,Highly_Fatal_And_Damaging
4367,Significant_Damage_And_Fatalities
4376,Highly_Fatal_And_Damaging
4378,Significant_Damage_And_Fatalities
4385,Significant_Damage_And_Fatalities
4405,Highly_Fatal_And_Damaging
4413,Highly_Fatal_And_Damaging
4414,Minor_Damage_And_Injuries
4426,Minor_Damage_And_Injuries
4430,Minor_Damage_And_Injuries
4431,Highly_Fatal_And_Damaging
4438,Minor_Damage_And_Injuries
4439,Minor_Damage_And_Injuries
4441,Significant_Damage_And_Fatalities
4443,Minor_Damage_And_Injuries
4449,Significant_Damage_And_Serious_Injuries
4453,Minor_Damage_And_Injuries
4456,Highly_Fatal_And_Damaging
4457,Minor_Damage_And_Injuries
4459,Minor_Damage_And_Injuries
4461,Significant_Damage_And_Fatalities
4464,Significant_Damage_And_Fatalities
4468,Significant_Damage_And_Serious_Injuries
4476,Significant_Damage_And_Fatalities
4480,Minor_Damage_And_Injuries
4482,Significant_Damage_And_Serious_Injuries
4491,Minor_Damage_And_Injuries
4493,Significant_Damage_And_Fatalities
4494,Minor_Damage_And_Injuries
4495,Minor_Damage_And_Injuries
4496,Significant_Damage_And_Fatalities
4503,Significant_Damage_And_Fatalities
4505,Highly_Fatal_And_Damaging
4506,Highly_Fatal_And_Damaging
4512,Highly_Fatal_And_Damaging
4516,Minor_Damage_And_Injuries
4518,Highly_Fatal_And_Damaging
4521,Significant_Damage_And_Fatalities
4522,Highly_Fatal_And_Damaging
4529,Minor_Damage_And_Injuries
4530,Minor_Damage_And_Injuries
4536,Minor_Damage_And_Injuries
4539,Minor_Damage_And_Injuries
4543,Significant_Damage_And_Fatalities
4546,Minor_Damage_And_Injuries
4547,Highly_Fatal_And_Damaging
4550,Significant_Damage_And_Serious_Injuries
4564,Highly_Fatal_And_Damaging
4571,Highly_Fatal_And_Damaging
4583,Significant_Damage_And_Fatalities
4592,Highly_Fatal_And_Damaging
4594,Significant_Damage_And_Fatalities
4597,Significant_Damage_And_Fatalities
4598,Minor_Damage_And_Injuries
4614,Significant_Damage_And_Fatalities
4617,Significant_Damage_And_Fatalities
4621,Minor_Damage_And_Injuries
4630,Significant_Damage_And_Fatalities
4634,Minor_Damage_And_Injuries
4638,Highly_Fatal_And_Damaging
4639,Minor_Damage_And_Injuries
4645,Highly_Fatal_And_Damaging
4650,Minor_Damage_And_Injuries
4651,Highly_Fatal_And_Damaging
4654,Minor_Damage_And_Injuries
4656,Significant_Damage_And_Fatalities
4660,Minor_Damage_And_Injuries
4665,Minor_Damage_And_Injuries
4670,Highly_Fatal_And_Damaging
4671,Highly_Fatal_And_Damaging
4679,Highly_Fatal_And_Damaging
4682,Significant_Damage_And_Fatalities
4684,Minor_Damage_And_Injuries
4688,Minor_Damage_And_Injuries
4693,Highly_Fatal_And_Damaging
4712,Minor_Damage_And_Injuries
4714,Significant_Damage_And_Fatalities
4721,Highly_Fatal_And_Damaging
4722,Highly_Fatal_And_Damaging
4724,Minor_Damage_And_Injuries
4726,Minor_Damage_And_Injuries
4728,Minor_Damage_And_Injuries
4730,Minor_Damage_And_Injuries
4735,Minor_Damage_And_Injuries
4741,Minor_Damage_And_Injuries
4742,Minor_Damage_And_Injuries
4744,Minor_Damage_And_Injuries
4746,Highly_Fatal_And_Damaging
4757,Minor_Damage_And_Injuries
4761,Highly_Fatal_And_Damaging
4770,Highly_Fatal_And_Damaging
4772,Minor_Damage_And_Injuries
4773,Significant_Damage_And_Fatalities
4780,Highly_Fatal_And_Damaging
4783,Highly_Fatal_And_Damaging
4785,Highly_Fatal_And_Damaging
4786,Highly_Fatal_And_Damaging
4787,Significant_Damage_And_Fatalities
4793,Highly_Fatal_And_Damaging
4794,Highly_Fatal_And_Damaging
4808,Minor_Damage_And_Injuries
4811,Minor_Damage_And_Injuries
4831,Significant_Damage_And_Fatalities
4832,Significant_Damage_And_Fatalities
4836,Highly_Fatal_And_Damaging
4839,Significant_Damage_And_Fatalities
4842,Significant_Damage_And_Fatalities
4846,Minor_Damage_And_Injuries
4855,Minor_Damage_And_Injuries
4856,Minor_Damage_And_Injuries
4859,Minor_Damage_And_Injuries
4862,Significant_Damage_And_Fatalities
4869,Highly_Fatal_And_Damaging
4877,Highly_Fatal_And_Damaging
4878,Significant_Damage_And_Fatalities
4887,Significant_Damage_And_Fatalities
4892,Highly_Fatal_And_Damaging
4913,Highly_Fatal_And_Damaging
4914,Highly_Fatal_And_Damaging
4926,Highly_Fatal_And_Damaging
4940,Highly_Fatal_And_Damaging
4944,Minor_Damage_And_Injuries
4959,Significant_Damage_And_Fatalities
4966,Significant_Damage_And_Fatalities
4972,Minor_Damage_And_Injuries
4978,Highly_Fatal_And_Damaging
4981,Significant_Damage_And_Fatalities
4985,Highly_Fatal_And_Damaging
4992,Highly_Fatal_And_Damaging
4998,Significant_Damage_And_Fatalities
5000,Highly_Fatal_And_Damaging
5001,Highly_Fatal_And_Damaging
5004,Significant_Damage_And_Fatalities
5005,Highly_Fatal_And_Damaging
5016,Minor_Damage_And_Injuries
5020,Significant_Damage_And_Fatalities
5021,Minor_Damage_And_Injuries
5041,Minor_Damage_And_Injuries
5045,Minor_Damage_And_Injuries
5052,Minor_Damage_And_Injuries
5063,Minor_Damage_And_Injuries
5072,Highly_Fatal_And_Damaging
5074,Highly_Fatal_And_Damaging
5080,Highly_Fatal_And_Damaging
5087,Highly_Fatal_And_Damaging
5094,Significant_Damage_And_Fatalities
5099,Significant_Damage_And_Fatalities
5100,Highly_Fatal_And_Damaging
5109,Minor_Damage_And_Injuries
5111,Minor_Damage_And_Injuries
5115,Highly_Fatal_And_Damaging
5117,Highly_Fatal_And_Damaging
5119,Minor_Damage_And_Injuries
5125,Highly_Fatal_And_Damaging
5126,Minor_Damage_And_Injuries
5127,Minor_Damage_And_Injuries
5142,Minor_Damage_And_Injuries
5149,Minor_Damage_And_Injuries
5160,Significant_Damage_And_Fatalities
5163,Highly_Fatal_And_Damaging
5170,Highly_Fatal_And_Damaging
5175,Significant_Damage_And_Fatalities
5184,Highly_Fatal_And_Damaging
5187,Significant_Damage_And_Serious_Injuries
5189,Significant_Damage_And_Fatalities
5200,Minor_Damage_And_Injuries
5202,Minor_Damage_And_Injuries
5203,Minor_Damage_And_Injuries
5206,Minor_Damage_And_Injuries
5218,Significant_Damage_And_Fatalities
5224,Minor_Damage_And_Injuries
5226,Minor_Damage_And_Injuries
5230,Minor_Damage_And_Injuries
5231,Minor_Damage_And_Injuries
5232,Significant_Damage_And_Fatalities
5234,Significant_Damage_And_Fatalities
5239,Minor_Damage_And_Injuries
5244,Significant_Damage_And_Fatalities
5245,Minor_Damage_And_Injuries
5246,Highly_Fatal_And_Damaging
5253,Highly_Fatal_And_Damaging
5262,Significant_Damage_And_Fatalities
5268,Highly_Fatal_And_Damaging
5271,Significant_Damage_And_Fatalities
5275,Minor_Damage_And_Injuries
5277,Significant_Damage_And_Fatalities
5278,Minor_Damage_And_Injuries
5283,Highly_Fatal_And_Damaging
5284,Highly_Fatal_And_Damaging
5285,Highly_Fatal_And_Damaging
5288,Highly_Fatal_And_Damaging
5329,Significant_Damage_And_Fatalities
5336,Minor_Damage_And_Injuries
5339,Significant_Damage_And_Fatalities
5340,Highly_Fatal_And_Damaging
5342,Significant_Damage_And_Fatalities
5350,Minor_Damage_And_Injuries
5359,Minor_Damage_And_Injuries
5376,Minor_Damage_And_Injuries
5387,Minor_Damage_And_Injuries
5399,Highly_Fatal_And_Damaging
5401,Significant_Damage_And_Serious_Injuries
5423,Significant_Damage_And_Serious_Injuries
5425,Minor_Damage_And_Injuries
5433,Significant_Damage_And_Fatalities
5445,Minor_Damage_And_Injuries
5451,Minor_Damage_And_Injuries
5452,Minor_Damage_And_Injuries
5461,Highly_Fatal_And_Damaging
5464,Minor_Damage_And_Injuries
5465,Significant_Damage_And_Fatalities
5466,Significant_Damage_And_Fatalities
5471,Minor_Damage_And_Injuries
5481,Highly_Fatal_And_Damaging
5482,Minor_Damage_And_Injuries
5485,Highly_Fatal_And_Damaging
5489,Highly_Fatal_And_Damaging
5497,Highly_Fatal_And_Damaging
5505,Highly_Fatal_And_Damaging
5508,Highly_Fatal_And_Damaging
5510,Minor_Damage_And_Injuries
5519,Highly_Fatal_And_Damaging
5531,Highly_Fatal_And_Damaging
5536,Minor_Damage_And_Injuries
5537,Minor_Damage_And_Injuries
5538,Minor_Damage_And_Injuries
5547,Highly_Fatal_And_Damaging
5554,Significant_Damage_And_Fatalities
5561,Minor_Damage_And_Injuries
5563,Significant_Damage_And_Fatalities
5568,Significant_Damage_And_Fatalities
5573,Significant_Damage_And_Fatalities
5579,Significant_Damage_And_Fatalities
5583,Minor_Damage_And_Injuries
5584,Highly_Fatal_And_Damaging
5586,Minor_Damage_And_Injuries
5589,Minor_Damage_And_Injuries
5595,Significant_Damage_And_Fatalities
5601,Significant_Damage_And_Fatalities
5603,Minor_Damage_And_Injuries
5610,Highly_Fatal_And_Damaging
5618,Significant_Damage_And_Fatalities
5622,Highly_Fatal_And_Damaging
5623,Highly_Fatal_And_Damaging
5625,Minor_Damage_And_Injuries
5630,Significant_Damage_And_Fatalities
5637,Highly_Fatal_And_Damaging
5640,Significant_Damage_And_Fatalities
5642,Minor_Damage_And_Injuries
5643,Significant_Damage_And_Fatalities
5648,Significant_Damage_And_Fatalities
5653,Significant_Damage_And_Fatalities
5656,Highly_Fatal_And_Damaging
5666,Highly_Fatal_And_Damaging
5676,Highly_Fatal_And_Damaging
5680,Minor_Damage_And_Injuries
5690,Minor_Damage_And_Injuries
5700,Minor_Damage_And_Injuries
5702,Significant_Damage_And_Fatalities
5708,Minor_Damage_And_Injuries
5709,Minor_Damage_And_Injuries
5714,Significant_Damage_And_Fatalities
5723,Highly_Fatal_And_Damaging
5729,Highly_Fatal_And_Damaging
5736,Minor_Damage_And_Injuries
5744,Minor_Damage_And_Injuries
5750,Minor_Damage_And_Injuries
5751,Minor_Damage_And_Injuries
5752,Significant_Damage_And_Fatalities
5753,Minor_Damage_And_Injuries
5757,Highly_Fatal_And_Damaging
5760,Significant_Damage_And_Fatalities
5768,Significant_Damage_And_Fatalities
5772,Minor_Damage_And_Injuries
5788,Minor_Damage_And_Injuries
5795,Highly_Fatal_And_Damaging
5800,Minor_Damage_And_Injuries
5806,Significant_Damage_And_Serious_Injuries
5809,Highly_Fatal_And_Damaging
5810,Highly_Fatal_And_Damaging
5819,Significant_Damage_And_Fatalities
5822,Significant_Damage_And_Fatalities
5826,Significant_Damage_And_Serious_Injuries
5829,Highly_Fatal_And_Damaging
5831,Significant_Damage_And_Fatalities
5833,Highly_Fatal_And_Damaging
5837,Highly_Fatal_And_Damaging
5840,Minor_Damage_And_Injuries
5848,Highly_Fatal_And_Damaging
5852,Minor_Damage_And_Injuries
5868,Highly_Fatal_And_Damaging
5874,Highly_Fatal_And_Damaging
5876,Highly_Fatal_And_Damaging
5883,Significant_Damage_And_Fatalities
5888,Highly_Fatal_And_Damaging
5889,Minor_Damage_And_Injuries
5898,Highly_Fatal_And_Damaging
5899,Significant_Damage_And_Fatalities
5903,Highly_Fatal_And_Damaging
5906,Minor_Damage_And_Injuries
5907,Minor_Damage_And_Injuries
5914,Highly_Fatal_And_Damaging
5919,Highly_Fatal_And_Damaging
5928,Highly_Fatal_And_Damaging
5930,Minor_Damage_And_Injuries
5936,Significant_Damage_And_Fatalities
5948,Highly_Fatal_And_Damaging
5950,Highly_Fatal_And_Damaging
5951,Highly_Fatal_And_Damaging
5954,Highly_Fatal_And_Damaging
5958,Minor_Damage_And_Injuries
5964,Minor_Damage_And_Injuries
5972,Highly_Fatal_And_Damaging
5979,Highly_Fatal_And_Damaging
5983,Minor_Damage_And_Injuries
5984,Minor_Damage_And_Injuries
5993,Significant_Damage_And_Fatalities
5997,Highly_Fatal_And_Damaging
6006,Significant_Damage_And_Fatalities
6014,Highly_Fatal_And_Damaging
6018,Significant_Damage_And_Fatalities
6019,Minor_Damage_And_Injuries
6020,Minor_Damage_And_Injuries
6023,Minor_Damage_And_Injuries
6026,Minor_Damage_And_Injuries
6030,Significant_Damage_And_Fatalities
6036,Highly_Fatal_And_Damaging
6041,Significant_Damage_And_Fatalities
6042,Highly_Fatal_And_Damaging
6044,Highly_Fatal_And_Damaging
6053,Highly_Fatal_And_Damaging
6055,Minor_Damage_And_Injuries
6056,Significant_Damage_And_Fatalities
6063,Minor_Damage_And_Injuries
6064,Significant_Damage_And_Fatalities
6072,Significant_Damage_And_Fatalities
6074,Minor_Damage_And_Injuries
6075,Minor_Damage_And_Injuries
6078,Minor_Damage_And_Injuries
6080,Highly_Fatal_And_Damaging
6081,Significant_Damage_And_Fatalities
6082,Minor_Damage_And_Injuries
6085,Highly_Fatal_And_Damaging
6095,Significant_Damage_And_Serious_Injuries
6098,Minor_Damage_And_Injuries
6104,Minor_Damage_And_Injuries
6113,Minor_Damage_And_Injuries
6114,Significant_Damage_And_Fatalities
6120,Highly_Fatal_And_Damaging
6121,Significant_Damage_And_Fatalities
6122,Minor_Damage_And_Injuries
6125,Highly_Fatal_And_Damaging
6137,Highly_Fatal_And_Damaging
6139,Highly_Fatal_And_Damaging
6147,Minor_Damage_And_Injuries
6150,Minor_Damage_And_Injuries
6157,Minor_Damage_And_Injuries
6162,Highly_Fatal_And_Damaging
6167,Minor_Damage_And_Injuries
6170,Minor_Damage_And_Injuries
6178,Minor_Damage_And_Injuries
6185,Minor_Damage_And_Injuries
6187,Minor_Damage_And_Injuries
6188,Significant_Damage_And_Serious_Injuries
6189,Minor_Damage_And_Injuries
6190,Highly_Fatal_And_Damaging
6204,Significant_Damage_And_Fatalities
6206,Significant_Damage_And_Fatalities
6208,Minor_Damage_And_Injuries
6212,Significant_Damage_And_Fatalities
6215,Significant_Damage_And_Fatalities
6221,Minor_Damage_And_Injuries
6234,Significant_Damage_And_Fatalities
6240,Minor_Damage_And_Injuries
6241,Highly_Fatal_And_Damaging
6242,Significant_Damage_And_Fatalities
6247,Highly_Fatal_And_Damaging
6250,Minor_Damage_And_Injuries
6255,Highly_Fatal_And_Damaging
6257,Minor_Damage_And_Injuries
6259,Highly_Fatal_And_Damaging
6260,Significant_Damage_And_Fatalities
6261,Significant_Damage_And_Fatalities
6264,Minor_Damage_And_Injuries
6266,Highly_Fatal_And_Damaging
6274,Significant_Damage_And_Fatalities
6277,Minor_Damage_And_Injuries
6287,Highly_Fatal_And_Damaging
6290,Significant_Damage_And_Fatalities
6296,Minor_Damage_And_Injuries
6301,Significant_Damage_And_Fatalities
6302,Significant_Damage_And_Fatalities
6312,Minor_Damage_And_Injuries
6318,Minor_Damage_And_Injuries
6327,Minor_Damage_And_Injuries
6328,Significant_Damage_And_Serious_Injuries
6333,Significant_Damage_And_Fatalities
6336,Highly_Fatal_And_Damaging
6338,Minor_Damage_And_Injuries
6342,Minor_Damage_And_Injuries
6349,Highly_Fatal_And_Damaging
6358,Highly_Fatal_And_Damaging
6359,Highly_Fatal_And_Damaging
6360,Minor_Damage_And_Injuries
6367,Highly_Fatal_And_Damaging
6377,Highly_Fatal_And_Damaging
6379,Minor_Damage_And_Injuries
6381,Highly_Fatal_And_Damaging
6391,Highly_Fatal_And_Damaging
6400,Minor_Damage_And_Injuries
6402,Minor_Damage_And_Injuries
6405,Significant_Damage_And_Serious_Injuries
6415,Highly_Fatal_And_Damaging
6416,Highly_Fatal_And_Damaging
6420,Highly_Fatal_And_Damaging
6434,Minor_Damage_And_Injuries
6448,Significant_Damage_And_Fatalities
6451,Highly_Fatal_And_Damaging
6453,Significant_Damage_And_Serious_Injuries
6459,Significant_Damage_And_Fatalities
6461,Highly_Fatal_And_Damaging
6467,Highly_Fatal_And_Damaging
6468,Highly_Fatal_And_Damaging
6473,Highly_Fatal_And_Damaging
6484,Significant_Damage_And_Serious_Injuries
6486,Highly_Fatal_And_Damaging
6490,Highly_Fatal_And_Damaging
6502,Minor_Damage_And_Injuries
6503,Minor_Damage_And_Injuries
6507,Significant_Damage_And_Fatalities
6512,Highly_Fatal_And_Damaging
6523,Significant_Damage_And_Fatalities
6528,Significant_Damage_And_Fatalities
6530,Significant_Damage_And_Fatalities
6543,Minor_Damage_And_Injuries
6546,Significant_Damage_And_Fatalities
6548,Significant_Damage_And_Fatalities
6551,Highly_Fatal_And_Damaging
6553,Significant_Damage_And_Serious_Injuries
6562,Minor_Damage_And_Injuries
6571,Highly_Fatal_And_Damaging
6572,Significant_Damage_And_Fatalities
6579,Highly_Fatal_And_Damaging
6584,Significant_Damage_And_Fatalities
6588,Significant_Damage_And_Fatalities
6596,Minor_Damage_And_Injuries
6599,Highly_Fatal_And_Damaging
6625,Minor_Damage_And_Injuries
6632,Significant_Damage_And_Fatalities
6641,Minor_Damage_And_Injuries
6651,Minor_Damage_And_Injuries
6654,Minor_Damage_And_Injuries
6657,Highly_Fatal_And_Damaging
6665,Significant_Damage_And_Serious_Injuries
6671,Significant_Damage_And_Fatalities
6672,Highly_Fatal_And_Damaging
6675,Highly_Fatal_And_Damaging
6676,Highly_Fatal_And_Damaging
6682,Highly_Fatal_And_Damaging
6684,Significant_Damage_And_Serious_Injuries
6692,Significant_Damage_And_Serious_Injuries
6694,Minor_Damage_And_Injuries
6700,Minor_Damage_And_Injuries
6723,Minor_Damage_And_Injuries
6726,Significant_Damage_And_Serious_Injuries
6729,Significant_Damage_And_Fatalities
6734,Minor_Damage_And_Injuries
6737,Significant_Damage_And_Fatalities
6738,Significant_Damage_And_Fatalities
6745,Minor_Damage_And_Injuries
6747,Minor_Damage_And_Injuries
6750,Significant_Damage_And_Fatalities
6754,Minor_Damage_And_Injuries
6755,Significant_Damage_And_Fatalities
6761,Highly_Fatal_And_Damaging
6762,Minor_Damage_And_Injuries
6765,Highly_Fatal_And_Damaging
6769,Minor_Damage_And_Injuries
6785,Highly_Fatal_And_Damaging
6788,Minor_Damage_And_Injuries
6793,Significant_Damage_And_Fatalities
6796,Minor_Damage_And_Injuries
6799,Significant_Damage_And_Fatalities
6801,Minor_Damage_And_Injuries
6807,Highly_Fatal_And_Damaging
6811,Minor_Damage_And_Injuries
6812,Significant_Damage_And_Fatalities
6815,Highly_Fatal_And_Damaging
6818,Minor_Damage_And_Injuries
6828,Significant_Damage_And_Fatalities
6832,Highly_Fatal_And_Damaging
6833,Highly_Fatal_And_Damaging
6836,Minor_Damage_And_Injuries
6839,Significant_Damage_And_Fatalities
6842,Highly_Fatal_And_Damaging
6845,Significant_Damage_And_Fatalities
6848,Minor_Damage_And_Injuries
6849,Significant_Damage_And_Fatalities
6850,Minor_Damage_And_Injuries
6853,Highly_Fatal_And_Damaging
6862,Highly_Fatal_And_Damaging
6864,Minor_Damage_And_Injuries
6868,Highly_Fatal_And_Damaging
6872,Minor_Damage_And_Injuries
6892,Significant_Damage_And_Fatalities
6895,Significant_Damage_And_Fatalities
6897,Significant_Damage_And_Fatalities
6900,Significant_Damage_And_Fatalities
6904,Highly_Fatal_And_Damaging
6907,Significant_Damage_And_Fatalities
6912,Highly_Fatal_And_Damaging
6913,Highly_Fatal_And_Damaging
6920,Minor_Damage_And_Injuries
6922,Minor_Damage_And_Injuries
6924,Highly_Fatal_And_Damaging
6925,Minor_Damage_And_Injuries
6929,Significant_Damage_And_Fatalities
6933,Significant_Damage_And_Fatalities
6938,Highly_Fatal_And_Damaging
6939,Minor_Damage_And_Injuries
6945,Minor_Damage_And_Injuries
6950,Significant_Damage_And_Fatalities
6953,Minor_Damage_And_Injuries
6957,Minor_Damage_And_Injuries
6961,Minor_Damage_And_Injuries
6970,Significant_Damage_And_Fatalities
6975,Significant_Damage_And_Fatalities
6978,Highly_Fatal_And_Damaging
6979,Minor_Damage_And_Injuries
6981,Significant_Damage_And_Serious_Injuries
6985,Minor_Damage_And_Injuries
6988,Minor_Damage_And_Injuries
6989,Minor_Damage_And_Injuries
6996,Minor_Damage_And_Injuries
7007,Significant_Damage_And_Fatalities
7008,Minor_Damage_And_Injuries
7016,Highly_Fatal_And_Damaging
7021,Highly_Fatal_And_Damaging
7022,Significant_Damage_And_Fatalities
7029,Significant_Damage_And_Serious_Injuries
7035,Highly_Fatal_And_Damaging
7066,Minor_Damage_And_Injuries
7067,Highly_Fatal_And_Damaging
7068,Significant_Damage_And_Fatalities
7069,Highly_Fatal_And_Damaging
7072,Minor_Damage_And_Injuries
7077,Minor_Damage_And_Injuries
7079,Minor_Damage_And_Injuries
7080,Highly_Fatal_And_Damaging
7090,Significant_Damage_And_Fatalities
7091,Significant_Damage_And_Fatalities
7092,Highly_Fatal_And_Damaging
7093,Significant_Damage_And_Fatalities
7109,Highly_Fatal_And_Damaging
7114,Highly_Fatal_And_Damaging
7118,Minor_Damage_And_Injuries
7122,Highly_Fatal_And_Damaging
7124,Highly_Fatal_And_Damaging
7126,Highly_Fatal_And_Damaging
7132,Highly_Fatal_And_Damaging
7140,Highly_Fatal_And_Damaging
7154,Minor_Damage_And_Injuries
7156,Significant_Damage_And_Fatalities
7158,Highly_Fatal_And_Damaging
7172,Minor_Damage_And_Injuries
7173,Significant_Damage_And_Fatalities
7174,Highly_Fatal_And_Damaging
7176,Highly_Fatal_And_Damaging
7177,Minor_Damage_And_Injuries
7179,Highly_Fatal_And_Damaging
7181,Minor_Damage_And_Injuries
7182,Significant_Damage_And_Fatalities
7191,Highly_Fatal_And_Damaging
7194,Highly_Fatal_And_Damaging
7195,Minor_Damage_And_Injuries
7200,Minor_Damage_And_Injuries
7201,Significant_Damage_And_Fatalities
7205,Minor_Damage_And_Injuries
7208,Minor_Damage_And_Injuries
7209,Minor_Damage_And_Injuries
7210,Highly_Fatal_And_Damaging
7212,Minor_Damage_And_Injuries
7213,Highly_Fatal_And_Damaging
7216,Significant_Damage_And_Fatalities
7218,Significant_Damage_And_Fatalities
7221,Minor_Damage_And_Injuries
7222,Minor_Damage_And_Injuries
7223,Significant_Damage_And_Fatalities
7232,Minor_Damage_And_Injuries
7244,Significant_Damage_And_Fatalities
7253,Highly_Fatal_And_Damaging
7255,Significant_Damage_And_Fatalities
7267,Minor_Damage_And_Injuries
7269,Highly_Fatal_And_Damaging
7279,Highly_Fatal_And_Damaging
7284,Minor_Damage_And_Injuries
7294,Highly_Fatal_And_Damaging
7296,Significant_Damage_And_Fatalities
7298,Minor_Damage_And_Injuries
7307,Highly_Fatal_And_Damaging
7323,Highly_Fatal_And_Damaging
7333,Highly_Fatal_And_Damaging
7335,Minor_Damage_And_Injuries
7336,Highly_Fatal_And_Damaging
7338,Minor_Damage_And_Injuries
7345,Significant_Damage_And_Fatalities
7346,Significant_Damage_And_Fatalities
7348,Minor_Damage_And_Injuries
7349,Significant_Damage_And_Fatalities
7353,Highly_Fatal_And_Damaging
7354,Significant_Damage_And_Fatalities
7355,Highly_Fatal_And_Damaging
7356,Minor_Damage_And_Injuries
7367,Minor_Damage_And_Injuries
7370,Minor_Damage_And_Injuries
7375,Highly_Fatal_And_Damaging
7384,Significant_Damage_And_Fatalities
7392,Highly_Fatal_And_Damaging
7394,Minor_Damage_And_Injuries
7395,Minor_Damage_And_Injuries
7401,Significant_Damage_And_Fatalities
7402,Minor_Damage_And_Injuries
7407,Highly_Fatal_And_Damaging
7420,Significant_Damage_And_Fatalities
7437,Minor_Damage_And_Injuries
7455,Highly_Fatal_And_Damaging
7460,Highly_Fatal_And_Damaging
7476,Minor_Damage_And_Injuries
7478,Highly_Fatal_And_Damaging
7484,Highly_Fatal_And_Damaging
7491,Highly_Fatal_And_Damaging
7492,Significant_Damage_And_Fatalities
7495,Significant_Damage_And_Fatalities
7503,Significant_Damage_And_Fatalities
7505,Significant_Damage_And_Fatalities
7506,Highly_Fatal_And_Damaging
7508,Highly_Fatal_And_Damaging
7513,Highly_Fatal_And_Damaging
7526,Significant_Damage_And_Fatalities
7530,Significant_Damage_And_Serious_Injuries
7534,Minor_Damage_And_Injuries
7537,Highly_Fatal_And_Damaging
7541,Significant_Damage_And_Serious_Injuries
7542,Minor_Damage_And_Injuries
7548,Significant_Damage_And_Fatalities
7551,Highly_Fatal_And_Damaging
7553,Minor_Damage_And_Injuries
7554,Significant_Damage_And_Fatalities
7557,Significant_Damage_And_Fatalities
7563,Significant_Damage_And_Fatalities
7568,Minor_Damage_And_Injuries
7581,Highly_Fatal_And_Damaging
7582,Highly_Fatal_And_Damaging
7587,Highly_Fatal_And_Damaging
7617,Highly_Fatal_And_Damaging
7621,Highly_Fatal_And_Damaging
7623,Significant_Damage_And_Fatalities
7633,Significant_Damage_And_Fatalities
7639,Significant_Damage_And_Fatalities
7654,Highly_Fatal_And_Damaging
7660,Highly_Fatal_And_Damaging
7661,Significant_Damage_And_Fatalities
7662,Minor_Damage_And_Injuries
7663,Significant_Damage_And_Fatalities
7664,Minor_Damage_And_Injuries
7665,Significant_Damage_And_Fatalities
7668,Significant_Damage_And_Fatalities
7682,Significant_Damage_And_Fatalities
7683,Highly_Fatal_And_Damaging
7684,Highly_Fatal_And_Damaging
7687,Significant_Damage_And_Fatalities
7691,Significant_Damage_And_Serious_Injuries
7701,Significant_Damage_And_Fatalities
7702,Minor_Damage_And_Injuries
7705,Significant_Damage_And_Fatalities
7711,Minor_Damage_And_Injuries
7714,Minor_Damage_And_Injuries
7716,Highly_Fatal_And_Damaging
7725,Significant_Damage_And_Fatalities
7726,Highly_Fatal_And_Damaging
7732,Highly_Fatal_And_Damaging
7748,Significant_Damage_And_Fatalities
7755,Minor_Damage_And_Injuries
7759,Highly_Fatal_And_Damaging
7763,Significant_Damage_And_Fatalities
7767,Highly_Fatal_And_Damaging
7769,Minor_Damage_And_Injuries
7781,Minor_Damage_And_Injuries
7783,Minor_Damage_And_Injuries
7790,Minor_Damage_And_Injuries
7798,Minor_Damage_And_Injuries
7810,Minor_Damage_And_Injuries
7821,Minor_Damage_And_Injuries
7824,Significant_Damage_And_Fatalities
7828,Significant_Damage_And_Fatalities
7838,Significant_Damage_And_Fatalities
7841,Significant_Damage_And_Fatalities
7847,Minor_Damage_And_Injuries
7852,Significant_Damage_And_Fatalities
7854,Highly_Fatal_And_Damaging
7857,Minor_Damage_And_Injuries
7867,Minor_Damage_And_Injuries
7868,Highly_Fatal_And_Damaging
7869,Significant_Damage_And_Fatalities
7871,Significant_Damage_And_Serious_Injuries
7872,Significant_Damage_And_Fatalities
7885,Highly_Fatal_And_Damaging
7889,Highly_Fatal_And_Damaging
7902,Significant_Damage_And_Serious_Injuries
7917,Minor_Damage_And_Injuries
7918,Minor_Damage_And_Injuries
7919,Minor_Damage_And_Injuries
7926,Highly_Fatal_And_Damaging
7927,Minor_Damage_And_Injuries
7928,Minor_Damage_And_Injuries
7947,Minor_Damage_And_Injuries
7950,Significant_Damage_And_Fatalities
7952,Highly_Fatal_And_Damaging
7955,Minor_Damage_And_Injuries
7966,Minor_Damage_And_Injuries
7981,Minor_Damage_And_Injuries
7987,Highly_Fatal_And_Damaging
7996,Highly_Fatal_And_Damaging
7997,Highly_Fatal_And_Damaging
8012,Minor_Damage_And_Injuries
8018,Significant_Damage_And_Fatalities
8020,Significant_Damage_And_Fatalities
8021,Minor_Damage_And_Injuries
8028,Significant_Damage_And_Fatalities
8031,Significant_Damage_And_Fatalities
8034,Minor_Damage_And_Injuries
8039,Significant_Damage_And_Serious_Injuries
8044,Minor_Damage_And_Injuries
8046,Highly_Fatal_And_Damaging
8049,Highly_Fatal_And_Damaging
8052,Minor_Damage_And_Injuries
8054,Minor_Damage_And_Injuries
8057,Significant_Damage_And_Fatalities
8058,Minor_Damage_And_Injuries
8061,Minor_Damage_And_Injuries
8074,Minor_Damage_And_Injuries
8075,Significant_Damage_And_Fatalities
8078,Significant_Damage_And_Fatalities
8081,Minor_Damage_And_Injuries
8084,Highly_Fatal_And_Damaging
8088,Minor_Damage_And_Injuries
8089,Minor_Damage_And_Injuries
8090,Significant_Damage_And_Fatalities
8097,Highly_Fatal_And_Damaging
8101,Highly_Fatal_And_Damaging
8105,Highly_Fatal_And_Damaging
8115,Highly_Fatal_And_Damaging
8122,Significant_Damage_And_Fatalities
8125,Minor_Damage_And_Injuries
8132,Minor_Damage_And_Injuries
8133,Highly_Fatal_And_Damaging
8136,Highly_Fatal_And_Damaging
8138,Significant_Damage_And_Fatalities
8144,Minor_Damage_And_Injuries
8146,Highly_Fatal_And_Damaging
8150,Minor_Damage_And_Injuries
8152,Highly_Fatal_And_Damaging
8157,Minor_Damage_And_Injuries
8167,Minor_Damage_And_Injuries
8172,Minor_Damage_And_Injuries
8178,Significant_Damage_And_Fatalities
8184,Significant_Damage_And_Fatalities
8186,Highly_Fatal_And_Damaging
8187,Minor_Damage_And_Injuries
8190,Highly_Fatal_And_Damaging
8198,Highly_Fatal_And_Damaging
8200,Highly_Fatal_And_Damaging
8206,Minor_Damage_And_Injuries
8217,Significant_Damage_And_Fatalities
8221,Highly_Fatal_And_Damaging
8224,Minor_Damage_And_Injuries
8230,Minor_Damage_And_Injuries
8233,Minor_Damage_And_Injuries
8237,Significant_Damage_And_Fatalities
8239,Highly_Fatal_And_Damaging
8240,Highly_Fatal_And_Damaging
8242,Minor_Damage_And_Injuries
8243,Highly_Fatal_And_Damaging
8246,Minor_Damage_And_Injuries
8251,Significant_Damage_And_Fatalities
8253,Highly_Fatal_And_Damaging
8268,Significant_Damage_And_Fatalities
8269,Minor_Damage_And_Injuries
8277,Highly_Fatal_And_Damaging
8287,Highly_Fatal_And_Damaging
8294,Minor_Damage_And_Injuries
8297,Minor_Damage_And_Injuries
8314,Minor_Damage_And_Injuries
8315,Significant_Damage_And_Fatalities
8317,Minor_Damage_And_Injuries
8319,Highly_Fatal_And_Damaging
8322,Significant_Damage_And_Fatalities
8327,Significant_Damage_And_Fatalities
8329,Minor_Damage_And_Injuries
8336,Minor_Damage_And_Injuries
8345,Minor_Damage_And_Injuries
8361,Minor_Damage_And_Injuries
8362,Highly_Fatal_And_Damaging
8365,Significant_Damage_And_Fatalities
8369,Minor_Damage_And_Injuries
8372,Minor_Damage_And_Injuries
8374,Minor_Damage_And_Injuries
8376,Highly_Fatal_And_Damaging
8377,Highly_Fatal_And_Damaging
8388,Highly_Fatal_And_Damaging
8389,Minor_Damage_And_Injuries
8390,Highly_Fatal_And_Damaging
8395,Significant_Damage_And_Fatalities
8402,Minor_Damage_And_Injuries
8412,Minor_Damage_And_Injuries
8419,Minor_Damage_And_Injuries
8426,Highly_Fatal_And_Damaging
8428,Significant_Damage_And_Fatalities
8429,Highly_Fatal_And_Damaging
8431,Highly_Fatal_And_Damaging
8450,Highly_Fatal_And_Damaging
8456,Highly_Fatal_And_Damaging
8463,Highly_Fatal_And_Damaging
8490,Highly_Fatal_And_Damaging
8491,Minor_Damage_And_Injuries
8496,Highly_Fatal_And_Damaging
8507,Highly_Fatal_And_Damaging
8513,Highly_Fatal_And_Damaging
8517,Significant_Damage_And_Serious_Injuries
8519,Minor_Damage_And_Injuries
8524,Minor_Damage_And_Injuries
8542,Significant_Damage_And_Fatalities
8543,Significant_Damage_And_Fatalities
8551,Minor_Damage_And_Injuries
8553,Significant_Damage_And_Fatalities
8562,Significant_Damage_And_Fatalities
8567,Minor_Damage_And_Injuries
8571,Significant_Damage_And_Fatalities
8574,Minor_Damage_And_Injuries
8575,Minor_Damage_And_Injuries
8576,Significant_Damage_And_Fatalities
8586,Highly_Fatal_And_Damaging
8587,Highly_Fatal_And_Damaging
8590,Minor_Damage_And_Injuries
8594,Minor_Damage_And_Injuries
8596,Minor_Damage_And_Injuries
8599,Significant_Damage_And_Fatalities
8604,Minor_Damage_And_Injuries
8606,Significant_Damage_And_Fatalities
8620,Highly_Fatal_And_Damaging
8623,Significant_Damage_And_Fatalities
8643,Significant_Damage_And_Fatalities
8652,Minor_Damage_And_Injuries
8653,Minor_Damage_And_Injuries
8655,Significant_Damage_And_Fatalities
8657,Significant_Damage_And_Fatalities
8663,Minor_Damage_And_Injuries
8665,Minor_Damage_And_Injuries
8685,Significant_Damage_And_Fatalities
8715,Minor_Damage_And_Injuries
8719,Highly_Fatal_And_Damaging
8724,Highly_Fatal_And_Damaging
8725,Significant_Damage_And_Fatalities
8726,Highly_Fatal_And_Damaging
8728,Significant_Damage_And_Serious_Injuries
8729,Minor_Damage_And_Injuries
8730,Minor_Damage_And_Injuries
8737,Highly_Fatal_And_Damaging
8743,Significant_Damage_And_Fatalities
8744,Significant_Damage_And_Fatalities
8747,Minor_Damage_And_Injuries
8749,Highly_Fatal_And_Damaging
8751,Significant_Damage_And_Fatalities
8754,Highly_Fatal_And_Damaging
8756,Minor_Damage_And_Injuries
8759,Minor_Damage_And_Injuries
8767,Minor_Damage_And_Injuries
8772,Highly_Fatal_And_Damaging
8773,Minor_Damage_And_Injuries
8776,Minor_Damage_And_Injuries
8780,Highly_Fatal_And_Damaging
8781,Minor_Damage_And_Injuries
8786,Highly_Fatal_And_Damaging
8791,Significant_Damage_And_Serious_Injuries
8793,Highly_Fatal_And_Damaging
8796,Minor_Damage_And_Injuries
8798,Highly_Fatal_And_Damaging
8804,Minor_Damage_And_Injuries
8812,Minor_Damage_And_Injuries
8815,Minor_Damage_And_Injuries
8862,Significant_Damage_And_Fatalities
8867,Minor_Damage_And_Injuries
8870,Minor_Damage_And_Injuries
8873,Highly_Fatal_And_Damaging
8875,Minor_Damage_And_Injuries
8881,Significant_Damage_And_Fatalities
8882,Minor_Damage_And_Injuries
8901,Minor_Damage_And_Injuries
8903,Minor_Damage_And_Injuries
8905,Significant_Damage_And_Fatalities
8908,Significant_Damage_And_Fatalities
8909,Highly_Fatal_And_Damaging
8913,Minor_Damage_And_Injuries
8916,Significant_Damage_And_Fatalities
8931,Minor_Damage_And_Injuries
8936,Highly_Fatal_And_Damaging
8943,Minor_Damage_And_Injuries
8944,Minor_Damage_And_Injuries
8961,Significant_Damage_And_Fatalities
8970,Significant_Damage_And_Fatalities
8976,Minor_Damage_And_Injuries
8983,Minor_Damage_And_Injuries
8989,Minor_Damage_And_Injuries
8998,Highly_Fatal_And_Damaging
8999,Minor_Damage_And_Injuries
9002,Highly_Fatal_And_Damaging
9013,Minor_Damage_And_Injuries
9014,Minor_Damage_And_Injuries
9018,Minor_Damage_And_Injuries
9026,Highly_Fatal_And_Damaging
9027,Significant_Damage_And_Serious_Injuries
9033,Highly_Fatal_And_Damaging
9035,Minor_Damage_And_Injuries
9040,Minor_Damage_And_Injuries
9047,Minor_Damage_And_Injuries
9049,Highly_Fatal_And_Damaging
9051,Highly_Fatal_And_Damaging
9057,Highly_Fatal_And_Damaging
9072,Minor_Damage_And_Injuries
9078,Minor_Damage_And_Injuries
9080,Significant_Damage_And_Fatalities
9081,Significant_Damage_And_Fatalities
9083,Minor_Damage_And_Injuries
9088,Significant_Damage_And_Serious_Injuries
9089,Significant_Damage_And_Fatalities
9109,Highly_Fatal_And_Damaging
9111,Significant_Damage_And_Serious_Injuries
9113,Significant_Damage_And_Fatalities
9117,Highly_Fatal_And_Damaging
9119,Highly_Fatal_And_Damaging
9123,Significant_Damage_And_Fatalities
9127,Significant_Damage_And_Fatalities
9135,Minor_Damage_And_Injuries
9139,Minor_Damage_And_Injuries
9143,Minor_Damage_And_Injuries
9148,Highly_Fatal_And_Damaging
9160,Minor_Damage_And_Injuries
9166,Highly_Fatal_And_Damaging
9176,Significant_Damage_And_Fatalities
9177,Significant_Damage_And_Fatalities
9178,Minor_Damage_And_Injuries
9181,Minor_Damage_And_Injuries
9185,Minor_Damage_And_Injuries
9187,Minor_Damage_And_Injuries
9192,Minor_Damage_And_Injuries
9200,Highly_Fatal_And_Damaging
9212,Significant_Damage_And_Fatalities
9219,Significant_Damage_And_Fatalities
9230,Significant_Damage_And_Fatalities
9231,Minor_Damage_And_Injuries
9232,Minor_Damage_And_Injuries
9239,Minor_Damage_And_Injuries
9242,Highly_Fatal_And_Damaging
9245,Significant_Damage_And_Fatalities
9247,Highly_Fatal_And_Damaging
9250,Highly_Fatal_And_Damaging
9252,Highly_Fatal_And_Damaging
9257,Significant_Damage_And_Fatalities
9260,Significant_Damage_And_Fatalities
9264,Significant_Damage_And_Fatalities
9266,Highly_Fatal_And_Damaging
9270,Highly_Fatal_And_Damaging
9274,Minor_Damage_And_Injuries
9279,Highly_Fatal_And_Damaging
9281,Minor_Damage_And_Injuries
9282,Significant_Damage_And_Fatalities
9283,Significant_Damage_And_Fatalities
9292,Minor_Damage_And_Injuries
9300,Minor_Damage_And_Injuries
9302,Significant_Damage_And_Fatalities
9303,Significant_Damage_And_Fatalities
9308,Significant_Damage_And_Fatalities
9313,Highly_Fatal_And_Damaging
9321,Significant_Damage_And_Fatalities
9324,Significant_Damage_And_Fatalities
9333,Minor_Damage_And_Injuries
9340,Minor_Damage_And_Injuries
9349,Significant_Damage_And_Serious_Injuries
9351,Highly_Fatal_And_Damaging
9352,Highly_Fatal_And_Damaging
9353,Minor_Damage_And_Injuries
9359,Minor_Damage_And_Injuries
9363,Minor_Damage_And_Injuries
9365,Minor_Damage_And_Injuries
9373,Minor_Damage_And_Injuries
9377,Minor_Damage_And_Injuries
9383,Highly_Fatal_And_Damaging
9389,Minor_Damage_And_Injuries
9392,Minor_Damage_And_Injuries
9400,Minor_Damage_And_Injuries
9401,Minor_Damage_And_Injuries
9407,Minor_Damage_And_Injuries
9408,Highly_Fatal_And_Damaging
9417,Minor_Damage_And_Injuries
9423,Highly_Fatal_And_Damaging
9424,Significant_Damage_And_Fatalities
9430,Highly_Fatal_And_Damaging
9449,Highly_Fatal_And_Damaging
9452,Minor_Damage_And_Injuries
9453,Minor_Damage_And_Injuries
9456,Minor_Damage_And_Injuries
9461,Minor_Damage_And_Injuries
9463,Significant_Damage_And_Fatalities
9465,Minor_Damage_And_Injuries
9471,Minor_Damage_And_Injuries
9484,Significant_Damage_And_Fatalities
9489,Minor_Damage_And_Injuries
9495,Significant_Damage_And_Fatalities
9508,Minor_Damage_And_Injuries
9515,Highly_Fatal_And_Damaging
9521,Minor_Damage_And_Injuries
9528,Highly_Fatal_And_Damaging
9534,Minor_Damage_And_Injuries
9539,Significant_Damage_And_Fatalities
9540,Highly_Fatal_And_Damaging
9553,Minor_Damage_And_Injuries
9557,Significant_Damage_And_Fatalities
9565,Highly_Fatal_And_Damaging
9572,Minor_Damage_And_Injuries
9583,Highly_Fatal_And_Damaging
9584,Highly_Fatal_And_Damaging
9585,Minor_Damage_And_Injuries
9588,Highly_Fatal_And_Damaging
9591,Highly_Fatal_And_Damaging
9595,Highly_Fatal_And_Damaging
9602,Highly_Fatal_And_Damaging
9612,Significant_Damage_And_Serious_Injuries
9615,Highly_Fatal_And_Damaging
9622,Significant_Damage_And_Serious_Injuries
9632,Minor_Damage_And_Injuries
9636,Minor_Damage_And_Injuries
9640,Minor_Damage_And_Injuries
9641,Highly_Fatal_And_Damaging
9648,Significant_Damage_And_Fatalities
9659,Minor_Damage_And_Injuries
9667,Significant_Damage_And_Fatalities
9669,Significant_Damage_And_Fatalities
9672,Minor_Damage_And_Injuries
9689,Significant_Damage_And_Fatalities
9694,Highly_Fatal_And_Damaging
9695,Highly_Fatal_And_Damaging
9696,Highly_Fatal_And_Damaging
9699,Minor_Damage_And_Injuries
9717,Minor_Damage_And_Injuries
9720,Highly_Fatal_And_Damaging
9721,Significant_Damage_And_Fatalities
9729,Significant_Damage_And_Fatalities
9736,Highly_Fatal_And_Damaging
9740,Minor_Damage_And_Injuries
9746,Significant_Damage_And_Fatalities
9748,Minor_Damage_And_Injuries
9750,Highly_Fatal_And_Damaging
9751,Highly_Fatal_And_Damaging
9755,Significant_Damage_And_Fatalities
9757,Minor_Damage_And_Injuries
9759,Minor_Damage_And_Injuries
9761,Highly_Fatal_And_Damaging
9770,Minor_Damage_And_Injuries
9778,Minor_Damage_And_Injuries
9779,Minor_Damage_And_Injuries
9783,Minor_Damage_And_Injuries
9784,Minor_Damage_And_Injuries
9791,Minor_Damage_And_Injuries
9798,Significant_Damage_And_Fatalities
9804,Highly_Fatal_And_Damaging
9809,Minor_Damage_And_Injuries
9811,Minor_Damage_And_Injuries
9817,Minor_Damage_And_Injuries
9818,Significant_Damage_And_Serious_Injuries
9819,Significant_Damage_And_Fatalities
9820,Highly_Fatal_And_Damaging
9838,Highly_Fatal_And_Damaging
9840,Significant_Damage_And_Fatalities
9856,Minor_Damage_And_Injuries
9858,Minor_Damage_And_Injuries
9861,Highly_Fatal_And_Damaging
9864,Significant_Damage_And_Fatalities
9866,Highly_Fatal_And_Damaging
9889,Highly_Fatal_And_Damaging
9890,Minor_Damage_And_Injuries
9894,Significant_Damage_And_Fatalities
9896,Minor_Damage_And_Injuries
9900,Highly_Fatal_And_Damaging
9901,Highly_Fatal_And_Damaging
9903,Highly_Fatal_And_Damaging
9905,Minor_Damage_And_Injuries
9906,Highly_Fatal_And_Damaging
9912,Highly_Fatal_And_Damaging
9913,Minor_Damage_And_Injuries
9915,Minor_Damage_And_Injuries
9918,Significant_Damage_And_Fatalities
9919,Minor_Damage_And_Injuries
9920,Highly_Fatal_And_Damaging
9924,Significant_Damage_And_Fatalities
9925,Minor_Damage_And_Injuries
9930,Significant_Damage_And_Fatalities
9936,Minor_Damage_And_Injuries
9939,Highly_Fatal_And_Damaging
9945,Significant_Damage_And_Fatalities
9947,Minor_Damage_And_Injuries
9948,Minor_Damage_And_Injuries
9956,Minor_Damage_And_Injuries
9963,Highly_Fatal_And_Damaging
9965,Minor_Damage_And_Injuries
9969,Significant_Damage_And_Fatalities
9972,Significant_Damage_And_Fatalities
9980,Highly_Fatal_And_Damaging
9985,Highly_Fatal_And_Damaging
9991,Significant_Damage_And_Fatalities
9999,Significant_Damage_And_Fatalities
10000,Minor_Damage_And_Injuries
10002,Highly_Fatal_And_Damaging
10004,Minor_Damage_And_Injuries
10006,Minor_Damage_And_Injuries
10008,Minor_Damage_And_Injuries
10024,Minor_Damage_And_Injuries
10032,Minor_Damage_And_Injuries
10038,Minor_Damage_And_Injuries
10054,Minor_Damage_And_Injuries
10057,Significant_Damage_And_Serious_Injuries
10062,Minor_Damage_And_Injuries
10069,Highly_Fatal_And_Damaging
10074,Minor_Damage_And_Injuries
10085,Highly_Fatal_And_Damaging
10086,Minor_Damage_And_Injuries
10089,Significant_Damage_And_Fatalities
10092,Highly_Fatal_And_Damaging
10102,Minor_Damage_And_Injuries
10104,Highly_Fatal_And_Damaging
10112,Highly_Fatal_And_Damaging
10114,Minor_Damage_And_Injuries
10129,Significant_Damage_And_Fatalities
10134,Significant_Damage_And_Fatalities
10138,Minor_Damage_And_Injuries
10145,Minor_Damage_And_Injuries
10152,Minor_Damage_And_Injuries
10156,Minor_Damage_And_Injuries
10171,Minor_Damage_And_Injuries
10182,Significant_Damage_And_Fatalities
10183,Minor_Damage_And_Injuries
10185,Minor_Damage_And_Injuries
10194,Minor_Damage_And_Injuries
10199,Significant_Damage_And_Fatalities
10212,Minor_Damage_And_Injuries
10220,Minor_Damage_And_Injuries
10222,Minor_Damage_And_Injuries
10233,Highly_Fatal_And_Damaging
10235,Highly_Fatal_And_Damaging
10236,Minor_Damage_And_Injuries
10243,Minor_Damage_And_Injuries
10247,Highly_Fatal_And_Damaging
10251,Minor_Damage_And_Injuries
10253,Minor_Damage_And_Injuries
10263,Highly_Fatal_And_Damaging
10273,Significant_Damage_And_Fatalities
10276,Highly_Fatal_And_Damaging
10282,Minor_Damage_And_Injuries
10291,Minor_Damage_And_Injuries
10298,Significant_Damage_And_Fatalities
10300,Significant_Damage_And_Fatalities
10303,Minor_Damage_And_Injuries
10306,Minor_Damage_And_Injuries
10307,Minor_Damage_And_Injuries
10310,Significant_Damage_And_Fatalities
10316,Minor_Damage_And_Injuries
10324,Minor_Damage_And_Injuries
10325,Highly_Fatal_And_Damaging
10331,Significant_Damage_And_Fatalities
10332,Minor_Damage_And_Injuries
10338,Minor_Damage_And_Injuries
10351,Minor_Damage_And_Injuries
10358,Significant_Damage_And_Fatalities
10359,Significant_Damage_And_Fatalities
10360,Minor_Damage_And_Injuries
10366,Significant_Damage_And_Fatalities
10372,Highly_Fatal_And_Damaging
10374,Minor_Damage_And_Injuries
10390,Highly_Fatal_And_Damaging
10400,Highly_Fatal_And_Damaging
10404,Significant_Damage_And_Serious_Injuries
10406,Minor_Damage_And_Injuries
10425,Highly_Fatal_And_Damaging
10442,Highly_Fatal_And_Damaging
10452,Highly_Fatal_And_Damaging
10465,Minor_Damage_And_Injuries
10467,Minor_Damage_And_Injuries
10480,Minor_Damage_And_Injuries
10483,Minor_Damage_And_Injuries
10486,Significant_Damage_And_Fatalities
10490,Minor_Damage_And_Injuries
10491,Significant_Damage_And_Fatalities
10495,Significant_Damage_And_Fatalities
10496,Minor_Damage_And_Injuries
10504,Significant_Damage_And_Fatalities
10506,Minor_Damage_And_Injuries
10508,Minor_Damage_And_Injuries
10514,Highly_Fatal_And_Damaging
10515,Minor_Damage_And_Injuries
10517,Highly_Fatal_And_Damaging
10518,Highly_Fatal_And_Damaging
10520,Significant_Damage_And_Fatalities
10527,Highly_Fatal_And_Damaging
10535,Minor_Damage_And_Injuries
10536,Highly_Fatal_And_Damaging
10547,Significant_Damage_And_Fatalities
10553,Minor_Damage_And_Injuries
10555,Minor_Damage_And_Injuries
10556,Minor_Damage_And_Injuries
10557,Highly_Fatal_And_Damaging
10560,Highly_Fatal_And_Damaging
10572,Highly_Fatal_And_Damaging
10573,Minor_Damage_And_Injuries
10582,Highly_Fatal_And_Damaging
10587,Highly_Fatal_And_Damaging
10588,Significant_Damage_And_Fatalities
10596,Significant_Damage_And_Fatalities
10600,Highly_Fatal_And_Damaging
10601,Minor_Damage_And_Injuries
10604,Minor_Damage_And_Injuries
10607,Significant_Damage_And_Fatalities
10613,Highly_Fatal_And_Damaging
10618,Highly_Fatal_And_Damaging
10621,Highly_Fatal_And_Damaging
10624,Highly_Fatal_And_Damaging
10633,Significant_Damage_And_Fatalities
10638,Minor_Damage_And_Injuries
10640,Significant_Damage_And_Fatalities
10644,Minor_Damage_And_Injuries
10647,Highly_Fatal_And_Damaging
10653,Minor_Damage_And_Injuries
10657,Significant_Damage_And_Serious_Injuries
10658,Highly_Fatal_And_Damaging
10670,Highly_Fatal_And_Damaging
10674,Minor_Damage_And_Injuries
10685,Minor_Damage_And_Injuries
10687,Minor_Damage_And_Injuries
10691,Minor_Damage_And_Injuries
10692,Highly_Fatal_And_Damaging
10698,Minor_Damage_And_Injuries
10699,Significant_Damage_And_Fatalities
10702,Significant_Damage_And_Fatalities
10711,Significant_Damage_And_Fatalities
10713,Minor_Damage_And_Injuries
10718,Minor_Damage_And_Injuries
10729,Significant_Damage_And_Fatalities
10733,Highly_Fatal_And_Damaging
10736,Highly_Fatal_And_Damaging
10737,Minor_Damage_And_Injuries
10740,Highly_Fatal_And_Damaging
10746,Minor_Damage_And_Injuries
10748,Significant_Damage_And_Serious_Injuries
10749,Significant_Damage_And_Fatalities
10750,Highly_Fatal_And_Damaging
10751,Highly_Fatal_And_Damaging
10753,Highly_Fatal_And_Damaging
10776,Minor_Damage_And_Injuries
10781,Highly_Fatal_And_Damaging
10786,Significant_Damage_And_Fatalities
10792,Significant_Damage_And_Fatalities
10798,Highly_Fatal_And_Damaging
10799,Minor_Damage_And_Injuries
10808,Highly_Fatal_And_Damaging
10809,Minor_Damage_And_Injuries
10810,Significant_Damage_And_Fatalities
10812,Minor_Damage_And_Injuries
10813,Highly_Fatal_And_Damaging
10815,Significant_Damage_And_Fatalities
10819,Highly_Fatal_And_Damaging
10821,Minor_Damage_And_Injuries
10826,Minor_Damage_And_Injuries
10832,Minor_Damage_And_Injuries
10836,Significant_Damage_And_Fatalities
10846,Highly_Fatal_And_Damaging
10853,Highly_Fatal_And_Damaging
10854,Significant_Damage_And_Fatalities
10866,Minor_Damage_And_Injuries
10867,Minor_Damage_And_Injuries
10875,Minor_Damage_And_Injuries
10882,Minor_Damage_And_Injuries
10892,Highly_Fatal_And_Damaging
10895,Highly_Fatal_And_Damaging
10915,Highly_Fatal_And_Damaging
10921,Highly_Fatal_And_Damaging
10926,Highly_Fatal_And_Damaging
10927,Minor_Damage_And_Injuries
10934,Minor_Damage_And_Injuries
10936,Minor_Damage_And_Injuries
10938,Highly_Fatal_And_Damaging
10941,Significant_Damage_And_Serious_Injuries
10953,Highly_Fatal_And_Damaging
10956,Significant_Damage_And_Fatalities
10957,Highly_Fatal_And_Damaging
10959,Minor_Damage_And_Injuries
10960,Highly_Fatal_And_Damaging
10963,Minor_Damage_And_Injuries
10970,Highly_Fatal_And_Damaging
10981,Minor_Damage_And_Injuries
10982,Highly_Fatal_And_Damaging
10984,Highly_Fatal_And_Damaging
10988,Significant_Damage_And_Fatalities
10996,Minor_Damage_And_Injuries
11002,Minor_Damage_And_Injuries
11011,Significant_Damage_And_Serious_Injuries
11017,Highly_Fatal_And_Damaging
11019,Highly_Fatal_And_Damaging
11024,Significant_Damage_And_Fatalities
11029,Significant_Damage_And_Fatalities
11030,Highly_Fatal_And_Damaging
11032,Significant_Damage_And_Fatalities
11036,Minor_Damage_And_Injuries
11037,Highly_Fatal_And_Damaging
11040,Highly_Fatal_And_Damaging
11043,Significant_Damage_And_Fatalities
11051,Highly_Fatal_And_Damaging
11055,Highly_Fatal_And_Damaging
11056,Significant_Damage_And_Fatalities
11059,Minor_Damage_And_Injuries
11063,Significant_Damage_And_Fatalities
11067,Significant_Damage_And_Fatalities
11069,Highly_Fatal_And_Damaging
11080,Highly_Fatal_And_Damaging
11082,Minor_Damage_And_Injuries
11083,Significant_Damage_And_Fatalities
11095,Minor_Damage_And_Injuries
11102,Highly_Fatal_And_Damaging
11114,Minor_Damage_And_Injuries
11115,Highly_Fatal_And_Damaging
11122,Minor_Damage_And_Injuries
11125,Highly_Fatal_And_Damaging
11132,Highly_Fatal_And_Damaging
11140,Minor_Damage_And_Injuries
11147,Highly_Fatal_And_Damaging
11148,Minor_Damage_And_Injuries
11151,Highly_Fatal_And_Damaging
11156,Highly_Fatal_And_Damaging
11168,Significant_Damage_And_Fatalities
11174,Highly_Fatal_And_Damaging
11175,Minor_Damage_And_Injuries
11180,Minor_Damage_And_Injuries
11189,Highly_Fatal_And_Damaging
11193,Highly_Fatal_And_Damaging
11196,Significant_Damage_And_Fatalities
11197,Minor_Damage_And_Injuries
11198,Highly_Fatal_And_Damaging
11199,Highly_Fatal_And_Damaging
11204,Minor_Damage_And_Injuries
11211,Highly_Fatal_And_Damaging
11225,Highly_Fatal_And_Damaging
11235,Highly_Fatal_And_Damaging
11239,Minor_Damage_And_Injuries
11241,Minor_Damage_And_Injuries
11250,Significant_Damage_And_Fatalities
11251,Highly_Fatal_And_Damaging
11254,Minor_Damage_And_Injuries
11260,Highly_Fatal_And_Damaging
11261,Highly_Fatal_And_Damaging
11263,Significant_Damage_And_Fatalities
11267,Highly_Fatal_And_Damaging
11270,Significant_Damage_And_Fatalities
11272,Significant_Damage_And_Fatalities
11275,Minor_Damage_And_Injuries
11276,Significant_Damage_And_Fatalities
11280,Minor_Damage_And_Injuries
11282,Minor_Damage_And_Injuries
11287,Minor_Damage_And_Injuries
11289,Significant_Damage_And_Fatalities
11291,Minor_Damage_And_Injuries
11293,Minor_Damage_And_Injuries
11297,Minor_Damage_And_Injuries
11301,Significant_Damage_And_Fatalities
11308,Minor_Damage_And_Injuries
11309,Highly_Fatal_And_Damaging
11310,Minor_Damage_And_Injuries
11311,Minor_Damage_And_Injuries
11312,Significant_Damage_And_Fatalities
11315,Significant_Damage_And_Fatalities
11317,Minor_Damage_And_Injuries
11326,Minor_Damage_And_Injuries
11334,Highly_Fatal_And_Damaging
11337,Highly_Fatal_And_Damaging
11339,Significant_Damage_And_Fatalities
11346,Highly_Fatal_And_Damaging
11347,Minor_Damage_And_Injuries
11348,Significant_Damage_And_Fatalities
11352,Minor_Damage_And_Injuries
11357,Minor_Damage_And_Injuries
11360,Highly_Fatal_And_Damaging
11368,Minor_Damage_And_Injuries
11396,Minor_Damage_And_Injuries
11405,Significant_Damage_And_Serious_Injuries
11411,Minor_Damage_And_Injuries
11412,Minor_Damage_And_Injuries
11414,Minor_Damage_And_Injuries
11417,Highly_Fatal_And_Damaging
11421,Minor_Damage_And_Injuries
11424,Significant_Damage_And_Fatalities
11428,Significant_Damage_And_Fatalities
11436,Significant_Damage_And_Fatalities
11438,Minor_Damage_And_Injuries
11439,Highly_Fatal_And_Damaging
11449,Minor_Damage_And_Injuries
11454,Highly_Fatal_And_Damaging
11456,Highly_Fatal_And_Damaging
11458,Highly_Fatal_And_Damaging
11460,Highly_Fatal_And_Damaging
11461,Highly_Fatal_And_Damaging
11467,Minor_Damage_And_Injuries
11468,Minor_Damage_And_Injuries
11480,Significant_Damage_And_Fatalities
11485,Minor_Damage_And_Injuries
11486,Significant_Damage_And_Fatalities
11491,Highly_Fatal_And_Damaging
11498,Highly_Fatal_And_Damaging
11501,Minor_Damage_And_Injuries
11502,Minor_Damage_And_Injuries
11506,Highly_Fatal_And_Damaging
11521,Highly_Fatal_And_Damaging
11523,Highly_Fatal_And_Damaging
11524,Minor_Damage_And_Injuries
11529,Highly_Fatal_And_Damaging
11532,Minor_Damage_And_Injuries
11542,Highly_Fatal_And_Damaging
11555,Significant_Damage_And_Fatalities
11559,Highly_Fatal_And_Damaging
11563,Minor_Damage_And_Injuries
11566,Minor_Damage_And_Injuries
11572,Highly_Fatal_And_Damaging
11575,Significant_Damage_And_Fatalities
11577,Minor_Damage_And_Injuries
11579,Highly_Fatal_And_Damaging
11581,Highly_Fatal_And_Damaging
11591,Highly_Fatal_And_Damaging
11594,Minor_Damage_And_Injuries
11598,Highly_Fatal_And_Damaging
11599,Highly_Fatal_And_Damaging
11601,Significant_Damage_And_Fatalities
11602,Highly_Fatal_And_Damaging
11603,Significant_Damage_And_Fatalities
11610,Significant_Damage_And_Fatalities
11611,Highly_Fatal_And_Damaging
11614,Significant_Damage_And_Fatalities
11621,Significant_Damage_And_Fatalities
11625,Significant_Damage_And_Fatalities
11632,Significant_Damage_And_Fatalities
11633,Significant_Damage_And_Fatalities
11639,Minor_Damage_And_Injuries
11643,Highly_Fatal_And_Damaging
11647,Highly_Fatal_And_Damaging
11648,Highly_Fatal_And_Damaging
11650,Minor_Damage_And_Injuries
11657,Significant_Damage_And_Fatalities
11662,Significant_Damage_And_Fatalities
11667,Highly_Fatal_And_Damaging
11681,Highly_Fatal_And_Damaging
11687,Highly_Fatal_And_Damaging
11691,Minor_Damage_And_Injuries
11707,Significant_Damage_And_Serious_Injuries
11708,Minor_Damage_And_Injuries
11722,Minor_Damage_And_Injuries
11726,Highly_Fatal_And_Damaging
11729,Highly_Fatal_And_Damaging
11735,Minor_Damage_And_Injuries
11739,Significant_Damage_And_Fatalities
11741,Minor_Damage_And_Injuries
11748,Highly_Fatal_And_Damaging
11749,Significant_Damage_And_Fatalities
11757,Significant_Damage_And_Fatalities
11758,Highly_Fatal_And_Damaging
11765,Minor_Damage_And_Injuries
11766,Highly_Fatal_And_Damaging
11770,Minor_Damage_And_Injuries
11772,Minor_Damage_And_Injuries
11778,Minor_Damage_And_Injuries
11786,Highly_Fatal_And_Damaging
11789,Minor_Damage_And_Injuries
11797,Minor_Damage_And_Injuries
11800,Minor_Damage_And_Injuries
11804,Significant_Damage_And_Fatalities
11810,Significant_Damage_And_Fatalities
11842,Minor_Damage_And_Injuries
11843,Highly_Fatal_And_Damaging
11847,Minor_Damage_And_Injuries
11848,Minor_Damage_And_Injuries
11849,Significant_Damage_And_Fatalities
11850,Minor_Damage_And_Injuries
11876,Highly_Fatal_And_Damaging
11879,Significant_Damage_And_Fatalities
11882,Highly_Fatal_And_Damaging
11890,Significant_Damage_And_Fatalities
11894,Minor_Damage_And_Injuries
11897,Minor_Damage_And_Injuries
11900,Significant_Damage_And_Fatalities
11904,Highly_Fatal_And_Damaging
11913,Minor_Damage_And_Injuries
11933,Minor_Damage_And_Injuries
11943,Minor_Damage_And_Injuries
11944,Significant_Damage_And_Fatalities
11949,Significant_Damage_And_Fatalities
11952,Highly_Fatal_And_Damaging
11957,Significant_Damage_And_Fatalities
11960,Highly_Fatal_And_Damaging
11975,Minor_Damage_And_Injuries
11978,Minor_Damage_And_Injuries
11983,Minor_Damage_And_Injuries
11990,Significant_Damage_And_Fatalities
12002,Minor_Damage_And_Injuries
12004,Significant_Damage_And_Fatalities
12011,Significant_Damage_And_Fatalities
12016,Minor_Damage_And_Injuries
12020,Significant_Damage_And_Fatalities
12023,Minor_Damage_And_Injuries
12024,Highly_Fatal_And_Damaging
12025,Minor_Damage_And_Injuries
12045,Highly_Fatal_And_Damaging
12051,Minor_Damage_And_Injuries
12054,Highly_Fatal_And_Damaging
12055,Highly_Fatal_And_Damaging
12060,Minor_Damage_And_Injuries
12065,Significant_Damage_And_Fatalities
12068,Highly_Fatal_And_Damaging
12069,Significant_Damage_And_Serious_Injuries
12070,Significant_Damage_And_Fatalities
12072,Minor_Damage_And_Injuries
12079,Significant_Damage_And_Fatalities
12080,Significant_Damage_And_Fatalities
12086,Significant_Damage_And_Serious_Injuries
12096,Significant_Damage_And_Fatalities
12105,Significant_Damage_And_Fatalities
12106,Significant_Damage_And_Fatalities
12107,Significant_Damage_And_Serious_Injuries
12121,Significant_Damage_And_Fatalities
12125,Significant_Damage_And_Fatalities
12133,Highly_Fatal_And_Damaging
12134,Minor_Damage_And_Injuries
12150,Highly_Fatal_And_Damaging
12152,Minor_Damage_And_Injuries
12163,Minor_Damage_And_Injuries
12173,Highly_Fatal_And_Damaging
12186,Significant_Damage_And_Fatalities
12188,Minor_Damage_And_Injuries
12191,Minor_Damage_And_Injuries
12193,Highly_Fatal_And_Damaging
12196,Highly_Fatal_And_Damaging
12198,Minor_Damage_And_Injuries
12222,Minor_Damage_And_Injuries
12224,Minor_Damage_And_Injuries
12225,Highly_Fatal_And_Damaging
12229,Minor_Damage_And_Injuries
12234,Minor_Damage_And_Injuries
12235,Highly_Fatal_And_Damaging
12236,Minor_Damage_And_Injuries
12246,Minor_Damage_And_Injuries
12250,Significant_Damage_And_Fatalities
12263,Highly_Fatal_And_Damaging
12264,Minor_Damage_And_Injuries
12269,Highly_Fatal_And_Damaging
12277,Minor_Damage_And_Injuries
12292,Minor_Damage_And_Injuries
12310,Significant_Damage_And_Fatalities
12318,Highly_Fatal_And_Damaging
12329,Minor_Damage_And_Injuries
12332,Minor_Damage_And_Injuries
12340,Minor_Damage_And_Injuries
12346,Highly_Fatal_And_Damaging
12353,Minor_Damage_And_Injuries
12354,Highly_Fatal_And_Damaging
12356,Significant_Damage_And_Fatalities
12366,Minor_Damage_And_Injuries
12367,Highly_Fatal_And_Damaging
12378,Minor_Damage_And_Injuries
12389,Minor_Damage_And_Injuries
12390,Significant_Damage_And_Fatalities
12402,Minor_Damage_And_Injuries
12406,Minor_Damage_And_Injuries
12412,Highly_Fatal_And_Damaging
12413,Highly_Fatal_And_Damaging
12415,Significant_Damage_And_Fatalities
12420,Highly_Fatal_And_Damaging
12423,Minor_Damage_And_Injuries
12432,Significant_Damage_And_Fatalities
12433,Highly_Fatal_And_Damaging
12435,Highly_Fatal_And_Damaging
12436,Significant_Damage_And_Fatalities
12437,Highly_Fatal_And_Damaging
12438,Significant_Damage_And_Fatalities
12442,Significant_Damage_And_Fatalities
12444,Highly_Fatal_And_Damaging
12446,Significant_Damage_And_Fatalities
12461,Minor_Damage_And_Injuries
12473,Minor_Damage_And_Injuries
12474,Highly_Fatal_And_Damaging
12476,Minor_Damage_And_Injuries
12484,Minor_Damage_And_Injuries
12487,Significant_Damage_And_Fatalities
12488,Significant_Damage_And_Fatalities
12491,Significant_Damage_And_Fatalities
12493,Highly_Fatal_And_Damaging
